timestamp,gender,age,occupation,monthly_income,province,skin_type,skin_concerns,acne_severity,influencer_source,skincare_selection,cleansing_selection,use_cleansing_water,cleansing_types_used,main_cleansing_type,cleansing_formula,deep_cleansing_score,acne_friendly_score,sensitive_skin_score,no_irritant_score,hypoallergenic_score,moisturizing_score,low_friction_score,nourishment_score,eye_friendly_score,oil_control_score,switching_factors,brands_used,main_brand,target_kiyora,acne,oily,sensitive,pore,dull,dry,price_sensitive,promo_sensitive,doctor_influence,review_influence,blogger_influence,ads_influence,use_kiyora,use_dermavie,use_veloura,use_florelle,self_decision,friend_influence,doctor_influence2,influencer_influence,use_water,use_oil,use_balm,use_sheet,use_milk,concern_count,acne_score,influence_score,is_price_sensitive,cleansing_variety,skin_type_clean,skin_type_encoded
2022-08-31 16:42:22,0,23-28 ปี,พนักงานบริษัทเอกชน,"35,000 - 39,999 บาท",bangkok,ผิวมัน,"สิวอักเสบ, สิวอุดตัน, ผิวแพ้ง่าย, รูขุมขนกว้าง, ผิวมันเยิ้ม, ผิวหมองคล้ำ",สิวปานกลาง (เป็นสิวอักเสบ/หัวหนองมากกว่า10เม็ด),"เลือกด้วยตนเอง, เลือกตามเพื่อน, ปรึกษาหมอผิวหนัง","เลือกใช้ให้ตรงตามสภาพผิวและปัญหาผิวของตนเอง, เลือกใช้สูตรที่เคลมว่าไม่ก่อให้เกิดสิว/ลดสิว, เลือกใช้สูตรที่เคลมว่าอ่อนโยน ผิวแพ้ง่ายใช้ได้","เลือกใช้ให้ตรงตามสภาพผิวและปัญหาผิวของตนเอง, เลือกใช้สูตรที่เคลมว่าไม่ก่อให้เกิดสิว/ลดสิว, เลือกใช้สูตรที่เคลมว่าอ่อนโยน ผิวแพ้ง่ายใช้ได้",ใช้,"cleansing water, cleansing sheet (ทิชชู่แผ่นเช็ดเครื่องสำอาง)",Cleansing water,สูตรลดสิว-ผิวแพ้ง่าย,1.0,1.0,1.0,1.0,0.5,0.0,0.9999999999999999,0.33333333333333337,0.5,0.5,"ราคาถูกกว่า (cheaper price), เลือกเพราะโปรโมชั่น (promotion), เพื่อนแนะนำ (friend recommended), ผู้เชี่ยวชาญ/หมอผิวหนังแนะนำ (skin expert/dermatologist), มีไซส์เล็ก/ไซส์ทดลอง/ไซส์พกพา (mini size), ยี่ห้อเดิมที่ใช้อยู่หมด/หาซื้อไม่ได้ (current brand is out of stock)",kiyora,kiyora,1,1,1,1,1,1,0,1,1,1,0,0,0,1,0,0,0,1,1,1,0,1,0,0,1,0,5,2.0,2,2,2,oily,1
2022-08-31 17:30:17,0,23-28 ปี,พนักงานบริษัทเอกชน,"25,000 - 29,999 บาท",bangkok,ผิวแห้ง,"สิวอักเสบ, สิวอุดตัน, สิวผด, ผิวแพ้ง่าย, รูขุมขนกว้าง, ผิวหมองคล้ำ",สิวปานกลาง (เป็นสิวอักเสบ/หัวหนองมากกว่า10เม็ด),ปรึกษาหมอผิวหนัง,"เลือกใช้ให้ตรงตามสภาพผิวและปัญหาผิวของตนเอง, เลือกใช้สูตรที่เคลมว่าอ่อนโยน ผิวแพ้ง่ายใช้ได้",เลือกใช้ให้ตรงตามสภาพผิวและปัญหาผิวของตนเอง,ใช้,"cleansing water, cleansing sheet (ทิชชู่แผ่นเช็ดเครื่องสำอาง)",Cleansing water,สูตรผิวแพ้ง่าย,1.0,1.0,1.0,0.5,1.0,1.0,0.6666666666666666,0.6666666666666666,1.0,1.0,ผู้เชี่ยวชาญ/หมอผิวหนังแนะนำ (skin expert/dermatologist),"kiyora, bellevia",kiyora,1,1,0,1,1,1,0,0,0,1,0,0,0,1,0,0,0,0,0,1,0,1,0,0,1,0,4,2.0,1,0,2,dry,2
2022-08-31 17:34:20,0,29-34 ปี,พนักงานบริษัทเอกชน,"35,000 - 39,999 บาท",bangkok,ผิวธรรมดา,"สิวอุดตัน, รูขุมขนกว้าง","นานๆทีเป็นสิว เช่น มีสิวเฉพาะช่วงมีประจำเดือน, พักผ่อนน้อย","เลือกด้วยตนเอง, เลือกตามบิวตี้บลอกเกอร์/ผู้ใช้จริงรีวิว ที่มีสภาพผิวคล้ายๆตัวเอง","เลือกใช้ให้ตรงตามสภาพผิวและปัญหาผิวของตนเอง, เลือกใช้สูตรที่เคลมว่าอ่อนโยน ผิวแพ้ง่ายใช้ได้",เลือกใช้สูตรที่เคลมว่าอ่อนโยน ผิวแพ้ง่ายใช้ได้,ใช้,"cleansing water, cleansing balm",Cleansing water,สูตรผิวแพ้ง่าย,1.0,1.0,1.0,1.0,0.5,0.5,0.6666666666666666,0.33333333333333337,0.5,0.5,"เห็นคนใช้จริงรีวิว (online review, real users), บิวตี้บลอกเกอร์แนะนำ (beauty bloggers)","kiyora, dermavie",dermavie,0,1,0,0,1,0,0,0,0,0,1,1,0,1,1,0,0,1,0,0,1,1,0,1,0,0,2,,1,0,2,normal,4
2022-08-31 17:36:27,0,29-34 ปี,พนักงานบริษัทเอกชน,"35,000 - 39,999 บาท",bangkok,ผิวแห้ง,"สิวอุดตัน, สิวผด","นานๆทีเป็นสิว เช่น มีสิวเฉพาะช่วงมีประจำเดือน, พักผ่อนน้อย",เลือกตามบิวตี้บลอกเกอร์/ผู้ใช้จริงรีวิว ที่มีสภาพผิวคล้ายๆตัวเอง,เลือกใช้ให้ตรงตามสภาพผิวและปัญหาผิวของตนเอง,เลือกใช้สูตรที่ขายดี/สูตรดัง ของแบรนด์นั้นๆ,ใช้,"cleansing water, cleansing oil",Cleansing water,"สูตรลดสิว-ผิวแพ้ง่าย, สูตรชุ่มชื้น (สำหรับผิวแห้ง)",1.0,1.0,0.5,1.0,0.5,1.0,0.9999999999999999,0.6666666666666666,1.0,0.75,ผู้เชี่ยวชาญ/หมอผิวหนังแนะนำ (skin expert/dermatologist),"veloura, aomizu, dermavie",dermavie,0,1,0,0,0,0,0,0,0,1,0,0,0,0,1,1,0,0,0,0,1,1,1,0,0,0,1,,1,0,2,dry,2
2022-08-31 17:38:34,0,23-28 ปี,พนักงานบริษัทเอกชน,"25,000 - 29,999 บาท",นนทบุรี,ผิวมัน,"ผิวแพ้ง่าย, รูขุมขนกว้าง, ผิวมันเยิ้ม",สิวเล็กน้อย (ส่วนใหญ่เป็นสิวอุดตัน เป็นสิวอักเสบ/หัวหนองไม่เกิน 10เม็ด),เลือกด้วยตนเอง,เลือกใช้ให้ตรงตามสภาพผิวและปัญหาผิวของตนเอง,เลือกใช้ให้ตรงตามสภาพผิวและปัญหาผิวของตนเอง,ใช้,cleansing water,Cleansing water,สูตรผิวแพ้ง่าย,1.0,0.75,1.0,1.0,1.0,0.5,0.33333333333333337,0.33333333333333337,0.75,0.75,เลือกเพราะโปรโมชั่น (promotion),"veloura, eastern belle, dermavie",eastern belle,0,0,1,1,1,0,0,0,1,0,0,0,0,0,1,1,0,1,0,0,0,1,0,0,0,0,3,1.0,0,1,1,oily,1
2022-08-31 17:38:48,0,35 ปี ขึ้นไป,พนักงานบริษัทเอกชน,"40,000 บาท ขึ้นไป",bangkok,ไม่แน่ใจ/ไม่ทราบ,"สิวอักเสบ, สิวอุดตัน, ผิวแพ้ง่าย","นานๆทีเป็นสิว เช่น มีสิวเฉพาะช่วงมีประจำเดือน, พักผ่อนน้อย","เลือกด้วยตนเอง, เลือกตามเพื่อน","เลือกใช้ให้ตรงตามสภาพผิวและปัญหาผิวของตนเอง, เลือกใช้สูตรที่ขายดี/สูตรดัง ของแบรนด์นั้นๆ","เลือกใช้ให้ตรงตามสภาพผิวและปัญหาผิวของตนเอง, เลือกใช้สูตรที่ขายดี/สูตรดัง ของแบรนด์นั้นๆ",ใช้,"cleansing water, cleansing sheet (ทิชชู่แผ่นเช็ดเครื่องสำอาง)",Cleansing sheet (ทิชชู่แผ่นเช็ดเครื่องสำอาง),"สูตรผิวแพ้ง่าย, สูตรคุมมัน (สำหรับผิวมัน)",1.0,1.0,0.5,0.5,1.0,1.0,0.9999999999999999,0.33333333333333337,0.5,0.75,"เพื่อนแนะนำ (friend recommended), เห็นคนใช้จริงรีวิว (online review, real users), ผู้เชี่ยวชาญ/หมอผิวหนังแนะนำ (skin expert/dermatologist), มีไซส์เล็ก/ไซส์ทดลอง/ไซส์พกพา (mini size)","dr. verin, dermacerin, theria",dermacerin,0,1,0,1,0,0,0,0,0,1,1,0,0,0,0,0,0,1,1,0,0,1,0,0,1,0,2,,1,0,2,unknown,0
2022-08-31 17:41:14,0,35 ปี ขึ้นไป,พนักงานบริษัทเอกชน,"40,000 บาท ขึ้นไป",bangkok,ผิวขาดน้ำ,"รูขุมขนกว้าง, ผิวแห้ง/ลอก/เป็นขุย, ผิวหมองคล้ำ","นานๆทีเป็นสิว เช่น มีสิวเฉพาะช่วงมีประจำเดือน, พักผ่อนน้อย","เลือกด้วยตนเอง, เลือกตามบิวตี้บลอกเกอร์/ผู้ใช้จริงรีวิว ที่มีสภาพผิวคล้ายๆตัวเอง",เลือกใช้ให้ตรงตามสภาพผิวและปัญหาผิวของตนเอง,เลือกใช้สูตรที่เคลมว่าอ่อนโยน ผิวแพ้ง่ายใช้ได้,ใช้,cleansing water,Cleansing water,สูตรชุ่มชื้น (สำหรับผิวแห้ง),1.0,1.0,1.0,1.0,1.0,1.0,0.9999999999999999,0.9999999999999999,1.0,1.0,"เลือกเพราะโปรโมชั่น (promotion), สินค้าออกใหม่/สูตรใหม่ (new product/new formula)","florelle, oréline",florelle,0,0,0,0,1,1,1,0,1,0,0,0,0,0,0,0,1,1,0,0,1,1,0,0,0,0,3,,1,1,1,dry,2
2022-08-31 17:41:39,0,29-34 ปี,พนักงานบริษัทเอกชน,"40,000 บาท ขึ้นไป",bangkok,ผิวผสม,"สิวอักเสบ, สิวอุดตัน, สิวผด, ผิวแพ้ง่าย, รูขุมขนกว้าง",สิวเล็กน้อย (ส่วนใหญ่เป็นสิวอุดตัน เป็นสิวอักเสบ/หัวหนองไม่เกิน 10เม็ด),"เลือกด้วยตนเอง, เลือกตามเพื่อน, เลือกตามบิวตี้บลอกเกอร์/ผู้ใช้จริงรีวิว ที่มีสภาพผิวคล้ายๆตัวเอง","เลือกใช้ให้ตรงตามสภาพผิวและปัญหาผิวของตนเอง, เลือกใช้สูตรที่เคลมว่าอ่อนโยน ผิวแพ้ง่ายใช้ได้","เลือกใช้ให้ตรงตามสภาพผิวและปัญหาผิวของตนเอง, เลือกใช้สูตรที่เคลมว่าอ่อนโยน ผิวแพ้ง่ายใช้ได้, เลือกใช้สูตรที่ขายดี/สูตรดัง ของแบรนด์นั้นๆ",ใช้,"cleansing water, cleansing sheet (ทิชชู่แผ่นเช็ดเครื่องสำอาง), cleansing balm",Cleansing water,สูตรผิวแพ้ง่าย,1.0,0.75,1.0,0.0,1.0,0.5,0.9999999999999999,0.33333333333333337,1.0,0.25,"เพื่อนแนะนำ (friend recommended), เห็นคนใช้จริงรีวิว (online review, real users), บิวตี้บลอกเกอร์แนะนำ (beauty bloggers)",dermavie,dermavie,0,1,0,1,1,0,0,0,0,0,1,1,0,0,1,0,0,1,1,0,1,1,0,1,1,0,3,1.0,2,0,3,combination,3
2022-08-31 17:45:21,0,23-28 ปี,พนักงานบริษัทเอกชน,"25,000 - 29,999 บาท",bangkok,ผิวขาดน้ำ,"สิวอุดตัน, สิวผด, ผิวแพ้ง่าย, รูขุมขนกว้าง, ผิวหมองคล้ำ","นานๆทีเป็นสิว เช่น มีสิวเฉพาะช่วงมีประจำเดือน, พักผ่อนน้อย","เลือกด้วยตนเอง, เลือกตามบิวตี้บลอกเกอร์/ผู้ใช้จริงรีวิว ที่มีสภาพผิวคล้ายๆตัวเอง",เลือกใช้ให้ตรงตามสภาพผิวและปัญหาผิวของตนเอง,เลือกใช้ให้ตรงตามสภาพผิวและปัญหาผิวของตนเอง,ใช้,"cleansing water, cleansing sheet (ทิชชู่แผ่นเช็ดเครื่องสำอาง), cleansing oil",Cleansing water,"สูตรผิวแพ้ง่าย, สูตรชุ่มชื้น (สำหรับผิวแห้ง)",1.0,0.0,1.0,1.0,1.0,1.0,0.9999999999999999,0.33333333333333337,0.75,0.25,"เลือกเพราะโปรโมชั่น (promotion), เห็นคนใช้จริงรีวิว (online review, real users), ผู้เชี่ยวชาญ/หมอผิวหนังแนะนำ (skin expert/dermatologist), สินค้าออกใหม่/สูตรใหม่ (new product/new formula)","veloura, kiyora, dermavie",veloura,0,1,0,1,1,1,0,0,1,1,1,0,0,1,1,1,0,1,0,0,1,1,1,0,1,0,4,,1,1,3,dry,2
2022-08-31 17:46:03,0,29-34 ปี,พนักงานบริษัทเอกชน,"30,000 - 34,999 บาท",bangkok,ผิวผสม,"สิวอักเสบ, ผิวแพ้ง่าย, ผิวแห้ง/ลอก/เป็นขุย","นานๆทีเป็นสิว เช่น มีสิวเฉพาะช่วงมีประจำเดือน, พักผ่อนน้อย",เลือกด้วยตนเอง,เลือกใช้ให้ตรงตามสภาพผิวและปัญหาผิวของตนเอง,"เลือกใช้ให้ตรงตามสภาพผิวและปัญหาผิวของตนเอง, เลือกใช้สูตรที่ขายดี/สูตรดัง ของแบรนด์นั้นๆ",ใช้,"cleansing water, cleansing sheet (ทิชชู่แผ่นเช็ดเครื่องสำอาง), cleansing oil, cleansing balm",Cleansing balm,"สูตรผิวแพ้ง่าย, สูตรชุ่มชื้น (สำหรับผิวแห้ง)",1.0,1.0,1.0,1.0,1.0,1.0,0.9999999999999999,0.9999999999999999,1.0,0.75,"เห็นจากโฆษณา (ads), บิวตี้บลอกเกอร์แนะนำ (beauty bloggers), ผู้เชี่ยวชาญ/หมอผิวหนังแนะนำ (skin expert/dermatologist), สินค้าออกใหม่/สูตรใหม่ (new product/new formula)","florelle, aomizu, bellevia, dermacerin, dermavie, klinor lab",dermavie,0,1,0,1,0,0,1,0,0,1,0,1,1,0,1,0,1,1,0,0,0,1,1,1,1,0,3,,0,0,4,combination,3
2022-08-31 17:56:53,0,29-34 ปี,พนักงานบริษัทเอกชน,"20,000 - 24,999 บาท",ฉะเชิงเทรา,ผิวผสม,"สิวอุดตัน, รูขุมขนกว้าง, ผิวแห้ง/ลอก/เป็นขุย","นานๆทีเป็นสิว เช่น มีสิวเฉพาะช่วงมีประจำเดือน, พักผ่อนน้อย",เลือกตามบิวตี้บลอกเกอร์/ผู้ใช้จริงรีวิว ที่มีสภาพผิวคล้ายๆตัวเอง,เลือกใช้ให้ตรงตามสภาพผิวและปัญหาผิวของตนเอง,เลือกใช้ให้ตรงตามสภาพผิวและปัญหาผิวของตนเอง,ใช้,"cleansing water, cleansing oil",Cleansing water,"สูตรลดสิว-ผิวแพ้ง่าย, สูตรชุ่มชื้น (สำหรับผิวแห้ง)",1.0,1.0,0.5,0.5,1.0,1.0,0.9999999999999999,0.9999999999999999,1.0,1.0,"เลือกเพราะโปรโมชั่น (promotion), เห็นคนใช้จริงรีวิว (online review, real users), บิวตี้บลอกเกอร์แนะนำ (beauty bloggers), สินค้าออกใหม่/สูตรใหม่ (new product/new formula), มีไซส์เล็ก/ไซส์ทดลอง/ไซส์พกพา (mini size)","veloura, florelle, kiyora, kireiha, bellevia, luvique, klinor lab",veloura,0,1,0,0,1,0,1,0,1,0,1,1,0,1,0,1,1,0,0,0,1,1,1,0,0,0,3,,1,1,2,combination,3
2022-08-31 17:57:58,0,29-34 ปี,พนักงานองค์กรระหว่างประเทศ,"25,000 - 29,999 บาท",ฉะเชิงเทรา,ผิวผสม,"สิวอักเสบ, สิวอุดตัน, รูขุมขนกว้าง, ผิวแห้ง/ลอก/เป็นขุย",สิวเล็กน้อย (ส่วนใหญ่เป็นสิวอุดตัน เป็นสิวอักเสบ/หัวหนองไม่เกิน 10เม็ด),"เลือกตามเพื่อน, ปรึกษาหมอผิวหนัง","เลือกใช้ให้ตรงตามสภาพผิวและปัญหาผิวของตนเอง, เลือกใช้สูตรที่เคลมว่าไม่ก่อให้เกิดสิว/ลดสิว, เลือกใช้สูตรที่เคลมว่าอ่อนโยน ผิวแพ้ง่ายใช้ได้, เลือกใช้สูตรที่ขายดี/สูตรดัง ของแบรนด์นั้นๆ","เลือกใช้ให้ตรงตามสภาพผิวและปัญหาผิวของตนเอง, เลือกใช้สูตรที่เคลมว่าไม่ก่อให้เกิดสิว/ลดสิว, เลือกใช้สูตรที่เคลมว่าอ่อนโยน ผิวแพ้ง่ายใช้ได้, เลือกใช้สูตรที่ขายดี/สูตรดัง ของแบรนด์นั้นๆ",ใช้,"cleansing water, cleansing sheet (ทิชชู่แผ่นเช็ดเครื่องสำอาง)",Cleansing water,สูตรลดสิว-ผิวแพ้ง่าย,1.0,0.75,0.5,0.5,0.0,0.5,0.6666666666666666,0.33333333333333337,0.75,0.5,"เห็นคนใช้จริงรีวิว (online review, real users), ผู้เชี่ยวชาญ/หมอผิวหนังแนะนำ (skin expert/dermatologist), ยี่ห้อเดิมที่ใช้อยู่หมด/หาซื้อไม่ได้ (current brand is out of stock), ไม่เคยเปลี่ยนแบรนด์เลย (no switching)","florelle, kiyora, bellevia",kiyora,1,1,0,0,1,0,1,0,0,1,1,0,0,1,0,0,1,0,1,1,0,1,0,0,1,0,3,1.0,2,0,2,combination,3
2022-08-31 18:15:00,0,29-34 ปี,พนักงานบริษัทเอกชน,"35,000 - 39,999 บาท",bangkok,ผิวผสม,"สิวอักเสบ, สิวอุดตัน, สิวผด, ผิวแพ้ง่าย",สิวปานกลาง (เป็นสิวอักเสบ/หัวหนองมากกว่า10เม็ด),"เลือกด้วยตนเอง, เลือกตามเพื่อน, เลือกตามบิวตี้บลอกเกอร์/ผู้ใช้จริงรีวิว ที่มีสภาพผิวคล้ายๆตัวเอง",เลือกใช้สูตรที่เคลมว่าอ่อนโยน ผิวแพ้ง่ายใช้ได้,เลือกใช้สูตรที่เคลมว่าอ่อนโยน ผิวแพ้ง่ายใช้ได้,ใช้,"cleansing water, cleansing milk",Cleansing water,"สูตรลดสิว, สูตรลดสิว-ผิวแพ้ง่าย, สูตรผิวแพ้ง่าย",1.0,1.0,1.0,1.0,1.0,0.5,0.6666666666666666,0.33333333333333337,0.75,0.75,"เห็นคนใช้จริงรีวิว (online review, real users), มีไซส์เล็ก/ไซส์ทดลอง/ไซส์พกพา (mini size)","aomizu, junpure",aomizu,0,1,0,1,0,0,0,0,0,0,1,0,0,0,0,0,0,1,1,0,1,1,0,0,0,1,2,2.0,2,0,2,combination,3
2022-08-31 18:28:39,0,29-34 ปี,พนักงานบริษัทเอกชน,"40,000 บาท ขึ้นไป",bangkok,ผิวผสม,"สิวอักเสบ, สิวอุดตัน, รูขุมขนกว้าง, ผิวหมองคล้ำ",สิวเล็กน้อย (ส่วนใหญ่เป็นสิวอุดตัน เป็นสิวอักเสบ/หัวหนองไม่เกิน 10เม็ด),"เลือกด้วยตนเอง, เลือกตามเพื่อน, เลือกตามบิวตี้บลอกเกอร์/ผู้ใช้จริงรีวิว ที่มีสภาพผิวคล้ายๆตัวเอง",เลือกใช้สูตรที่เคลมว่าไม่ก่อให้เกิดสิว/ลดสิว,เลือกใช้สูตรที่เคลมว่าอ่อนโยน ผิวแพ้ง่ายใช้ได้,ใช้,cleansing water,Cleansing water,สูตรผิวแพ้ง่าย,1.0,1.0,1.0,1.0,1.0,0.5,0.6666666666666666,0.6666666666666666,1.0,1.0,"เห็นคนใช้จริงรีวิว (online review, real users), ผู้เชี่ยวชาญ/หมอผิวหนังแนะนำ (skin expert/dermatologist), มีไซส์เล็ก/ไซส์ทดลอง/ไซส์พกพา (mini size)",dermavie,dermavie,0,1,0,0,1,1,0,0,0,1,1,0,0,0,1,0,0,1,1,0,1,1,0,0,0,0,3,1.0,2,0,1,combination,3
2022-08-31 18:28:55,0,23-28 ปี,แม่บ้าน,"ต่ำกว่า 10,000 บาท",ระยอง,ผิวผสม,ผิวหมองคล้ำ,"นานๆทีเป็นสิว เช่น มีสิวเฉพาะช่วงมีประจำเดือน, พักผ่อนน้อย",เลือกตามบิวตี้บลอกเกอร์/ผู้ใช้จริงรีวิว ที่มีสภาพผิวคล้ายๆตัวเอง,เลือกใช้ให้ตรงตามสภาพผิวและปัญหาผิวของตนเอง,เลือกใช้สูตรที่ขายดี/สูตรดัง ของแบรนด์นั้นๆ,ใช้,cleansing water,Cleansing water,สูตรคุมมัน (สำหรับผิวมัน),1.0,1.0,1.0,1.0,1.0,1.0,0.9999999999999999,0.9999999999999999,1.0,1.0,เลือกเพราะโปรโมชั่น (promotion),veloura,veloura,0,0,0,0,0,1,0,0,1,0,0,0,0,0,0,1,0,0,0,0,1,1,0,0,0,0,1,,1,1,1,combination,3
2022-08-31 18:30:40,0,18-22 ปี,พนักงานบริษัทเอกชน,"15,000 - 19,999 บาท",ฉะเชิงเทรา,ผิวมัน,"สิวอักเสบ, สิวอุดตัน, สิวผด, ผิวแพ้ง่าย, รูขุมขนกว้าง, ผิวแห้ง/ลอก/เป็นขุย, ผิวมันเยิ้ม, ผิวหมองคล้ำ",สิวเล็กน้อย (ส่วนใหญ่เป็นสิวอุดตัน เป็นสิวอักเสบ/หัวหนองไม่เกิน 10เม็ด),"เลือกด้วยตนเอง, เลือกตามเพื่อน","เลือกใช้ให้ตรงตามสภาพผิวและปัญหาผิวของตนเอง, เลือกใช้สูตรที่เคลมว่าไม่ก่อให้เกิดสิว/ลดสิว, เลือกใช้สูตรที่เคลมว่าอ่อนโยน ผิวแพ้ง่ายใช้ได้","เลือกใช้ให้ตรงตามสภาพผิวและปัญหาผิวของตนเอง, เลือกใช้สูตรที่เคลมว่าไม่ก่อให้เกิดสิว/ลดสิว",ใช้,cleansing water,Cleansing water,"สูตรลดสิว, สูตรลดสิว-ผิวแพ้ง่าย, สูตรผิวแพ้ง่าย",1.0,1.0,1.0,1.0,1.0,1.0,0.9999999999999999,0.6666666666666666,1.0,0.75,ไม่เคยเปลี่ยนแบรนด์เลย (no switching),"veloura, kiyora",veloura,0,1,1,1,1,1,1,0,0,0,0,0,0,1,0,1,0,1,1,0,0,1,0,0,0,0,6,1.0,1,0,1,oily,1
2022-08-31 18:35:10,0,29-34 ปี,ธุรกิจส่วนตัว,"40,000 บาท ขึ้นไป",bangkok,ผิวขาดน้ำ,"สิวอักเสบ, สิวอุดตัน, รูขุมขนกว้าง, ผิวหมองคล้ำ, uneven skintone",สิวเล็กน้อย (ส่วนใหญ่เป็นสิวอุดตัน เป็นสิวอักเสบ/หัวหนองไม่เกิน 10เม็ด),"เลือกด้วยตนเอง, เลือกตามเพื่อน, เลือกตามบิวตี้บลอกเกอร์/ผู้ใช้จริงรีวิว ที่มีสภาพผิวคล้ายๆตัวเอง","เลือกใช้ให้ตรงตามสภาพผิวและปัญหาผิวของตนเอง, เลือกใช้สูตรที่ขายดี/สูตรดัง ของแบรนด์นั้นๆ","เลือกใช้ให้ตรงตามสภาพผิวและปัญหาผิวของตนเอง, เลือกใช้สูตรที่ขายดี/สูตรดัง ของแบรนด์นั้นๆ",ใช้,"cleansing water, cleansing sheet (ทิชชู่แผ่นเช็ดเครื่องสำอาง), cleansing oil, cleansing balm",Cleansing water,"สูตรลดสิว, สูตรผิวแพ้ง่าย",1.0,0.75,0.0,1.0,0.5,1.0,0.9999999999999999,0.33333333333333337,0.5,0.75,"เพื่อนแนะนำ (friend recommended), บิวตี้บลอกเกอร์แนะนำ (beauty bloggers), ผู้เชี่ยวชาญ/หมอผิวหนังแนะนำ (skin expert/dermatologist)","dermavie, ของหมอ",dermavie,0,1,0,0,1,1,0,0,0,1,0,1,0,0,1,0,0,1,1,0,1,1,1,1,1,0,3,1.0,2,0,4,dry,2
2022-08-31 18:42:27,0,29-34 ปี,พนักงานบริษัทเอกชน,"40,000 บาท ขึ้นไป",bangkok,ผิวมัน,"สิวอักเสบ, สิวอุดตัน, ผิวแพ้ง่าย, รูขุมขนกว้าง",สิวเล็กน้อย (ส่วนใหญ่เป็นสิวอุดตัน เป็นสิวอักเสบ/หัวหนองไม่เกิน 10เม็ด),เลือกด้วยตนเอง,เลือกใช้สูตรที่เคลมว่าอ่อนโยน ผิวแพ้ง่ายใช้ได้,เลือกใช้สูตรที่เคลมว่าอ่อนโยน ผิวแพ้ง่ายใช้ได้,ใช้,cleansing water,Cleansing water,"สูตรลดสิว-ผิวแพ้ง่าย, สูตรคุมมัน (สำหรับผิวมัน)",1.0,1.0,1.0,1.0,1.0,1.0,0.9999999999999999,0.6666666666666666,1.0,1.0,"ผู้เชี่ยวชาญ/หมอผิวหนังแนะนำ (skin expert/dermatologist), มีไซส์เล็ก/ไซส์ทดลอง/ไซส์พกพา (mini size)","veloura, kiyora, bellevia, dermavie",dermavie,0,1,0,1,1,0,0,0,0,1,0,0,0,1,1,1,0,1,0,0,0,1,0,0,0,0,3,1.0,0,0,1,oily,1
2022-08-31 18:48:05,0,29-34 ปี,พนักงานบริษัทเอกชน,"40,000 บาท ขึ้นไป",bangkok,ผิวผสม,"สิวอักเสบ, สิวผด, ผิวแพ้ง่าย",สิวเล็กน้อย (ส่วนใหญ่เป็นสิวอุดตัน เป็นสิวอักเสบ/หัวหนองไม่เกิน 10เม็ด),เลือกด้วยตนเอง,"เลือกใช้ให้ตรงตามสภาพผิวและปัญหาผิวของตนเอง, เลือกใช้สูตรที่เคลมว่าไม่ก่อให้เกิดสิว/ลดสิว, เลือกใช้สูตรที่เคลมว่าอ่อนโยน ผิวแพ้ง่ายใช้ได้","เลือกใช้ให้ตรงตามสภาพผิวและปัญหาผิวของตนเอง, เลือกใช้สูตรที่เคลมว่าไม่ก่อให้เกิดสิว/ลดสิว, เลือกใช้สูตรที่เคลมว่าอ่อนโยน ผิวแพ้ง่ายใช้ได้",ใช้,cleansing water,Cleansing water,สูตรลดสิว-ผิวแพ้ง่าย,0.5,1.0,1.0,1.0,0.5,0.5,0.0,0.33333333333333337,0.5,0.75,"ราคาถูกกว่า (cheaper price), ยี่ห้อเดิมที่ใช้อยู่หมด/หาซื้อไม่ได้ (current brand is out of stock)",dermacerin,dermacerin,0,1,0,1,0,0,0,1,0,0,0,0,0,0,0,0,0,1,0,0,0,1,0,0,0,0,2,1.0,0,1,1,combination,3
2022-08-31 20:07:10,0,23-28 ปี,ธุรกิจส่วนตัว,"10,001 - 14,999 บาท",bangkok,ผิวแห้ง,"สิวอุดตัน, สิวผด, รูขุมขนกว้าง, ผิวหมองคล้ำ",สิวเล็กน้อย (ส่วนใหญ่เป็นสิวอุดตัน เป็นสิวอักเสบ/หัวหนองไม่เกิน 10เม็ด),เลือกตามบิวตี้บลอกเกอร์/ผู้ใช้จริงรีวิว ที่มีสภาพผิวคล้ายๆตัวเอง,เลือกใช้สูตรที่เคลมว่าไม่ก่อให้เกิดสิว/ลดสิว,เลือกใช้สูตรที่เคลมว่าไม่ก่อให้เกิดสิว/ลดสิว,ใช้,cleansing oil,Cleansing oil,"สูตรลดสิว, สูตรผิวแพ้ง่าย",1.0,1.0,1.0,1.0,1.0,1.0,0.9999999999999999,0.9999999999999999,1.0,1.0,"ผู้เชี่ยวชาญ/หมอผิวหนังแนะนำ (skin expert/dermatologist), สินค้าออกใหม่/สูตรใหม่ (new product/new formula)","dermavie, molochio",molochio,0,1,0,0,1,1,0,0,0,1,0,0,0,0,1,0,0,0,0,0,1,0,1,0,0,0,3,1.0,1,0,1,dry,2
2022-08-31 20:25:00,0,29-34 ปี,พนักงานบริษัทเอกชน,"40,000 บาท ขึ้นไป",bangkok,ผิวผสม,"สิวอักเสบ, สิวอุดตัน, ผิวแพ้ง่าย, รูขุมขนกว้าง, ผิวหมองคล้ำ","นานๆทีเป็นสิว เช่น มีสิวเฉพาะช่วงมีประจำเดือน, พักผ่อนน้อย","ปรึกษาหมอผิวหนัง, เลือกตามบิวตี้บลอกเกอร์/ผู้ใช้จริงรีวิว ที่มีสภาพผิวคล้ายๆตัวเอง",เลือกใช้สูตรที่เคลมว่าอ่อนโยน ผิวแพ้ง่ายใช้ได้,เลือกใช้สูตรที่เคลมว่าอ่อนโยน ผิวแพ้ง่ายใช้ได้,ใช้,"cleansing water, cleansing oil",Cleansing oil,สูตรผิวแพ้ง่าย,1.0,0.75,1.0,0.5,0.0,0.5,0.6666666666666666,0.33333333333333337,1.0,0.5,"บิวตี้บลอกเกอร์แนะนำ (beauty bloggers), ผู้เชี่ยวชาญ/หมอผิวหนังแนะนำ (skin expert/dermatologist)","florelle, dermavie, seijun",seijun,0,1,0,1,1,1,0,0,0,1,0,1,0,0,1,0,1,0,0,1,1,1,1,0,0,0,4,,2,0,2,combination,3
2022-08-31 20:38:04,0,29-34 ปี,ธุรกิจส่วนตัว,"40,000 บาท ขึ้นไป",ฉะเชิงเทรา,ผิวผสม,"สิวผด, รูขุมขนกว้าง, ผิวแห้ง/ลอก/เป็นขุย","นานๆทีเป็นสิว เช่น มีสิวเฉพาะช่วงมีประจำเดือน, พักผ่อนน้อย","เลือกด้วยตนเอง, เลือกตามเพื่อน",เลือกใช้ให้ตรงตามสภาพผิวและปัญหาผิวของตนเอง,เลือกใช้ให้ตรงตามสภาพผิวและปัญหาผิวของตนเอง,ใช้,cleansing water,Cleansing water,"สูตรลดสิว, สูตรคุมมัน (สำหรับผิวมัน), สูตรชุ่มชื้น (สำหรับผิวแห้ง)",1.0,1.0,1.0,1.0,1.0,1.0,0.9999999999999999,0.9999999999999999,1.0,1.0,"เพื่อนแนะนำ (friend recommended), ไม่เคยเปลี่ยนแบรนด์เลย (no switching)","dermavie, klinor lab",dermavie,0,1,0,0,1,0,1,0,0,0,0,0,0,0,1,0,0,1,1,0,0,1,0,0,0,0,3,,1,0,1,combination,3
2022-08-31 21:28:10,0,29-34 ปี,ธุรกิจส่วนตัว,"40,000 บาท ขึ้นไป",bangkok,ผิวผสม,"สิวอักเสบ, สิวอุดตัน, สิวผด, ผิวแพ้ง่าย, รูขุมขนกว้าง, ผิวมันเยิ้ม, ผิวหมองคล้ำ, ไม่มีปัญหาผิว",สิวเล็กน้อย (ส่วนใหญ่เป็นสิวอุดตัน เป็นสิวอักเสบ/หัวหนองไม่เกิน 10เม็ด),"เลือกด้วยตนเอง, เลือกตามบิวตี้บลอกเกอร์/ผู้ใช้จริงรีวิว ที่มีสภาพผิวคล้ายๆตัวเอง","เลือกใช้สูตรที่เคลมว่าไม่ก่อให้เกิดสิว/ลดสิว, เลือกใช้สูตรที่เคลมว่าอ่อนโยน ผิวแพ้ง่ายใช้ได้","เลือกใช้ให้ตรงตามสภาพผิวและปัญหาผิวของตนเอง, เลือกใช้สูตรที่เคลมว่าไม่ก่อให้เกิดสิว/ลดสิว, เลือกใช้สูตรที่เคลมว่าอ่อนโยน ผิวแพ้ง่ายใช้ได้",ใช้,cleansing water,Cleansing water,"สูตรลดสิว, สูตรลดสิว-ผิวแพ้ง่าย, สูตรผิวแพ้ง่าย, สูตรคุมมัน (สำหรับผิวมัน)",1.0,0.75,1.0,1.0,0.0,0.5,0.9999999999999999,0.33333333333333337,0.5,0.5,"เห็นคนใช้จริงรีวิว (online review, real users), มีไซส์เล็ก/ไซส์ทดลอง/ไซส์พกพา (mini size)",klinor lab,klinor lab,0,1,1,1,1,1,0,0,0,0,1,0,0,0,0,0,0,1,0,0,1,1,0,0,0,0,5,1.0,1,0,1,combination,3
2022-08-31 21:47:30,0,23-28 ปี,พนักงานบริษัทเอกชน,"40,000 บาท ขึ้นไป",bangkok,ผิวผสม,"สิวอุดตัน, รูขุมขนกว้าง, ผิวมันเยิ้ม, ผิวหมองคล้ำ","นานๆทีเป็นสิว เช่น มีสิวเฉพาะช่วงมีประจำเดือน, พักผ่อนน้อย","เลือกตามเพื่อน, เลือกตามบิวตี้บลอกเกอร์/ผู้ใช้จริงรีวิว ที่มีสภาพผิวคล้ายๆตัวเอง","เลือกใช้ให้ตรงตามสภาพผิวและปัญหาผิวของตนเอง, เลือกใช้สูตรที่เคลมว่าอ่อนโยน ผิวแพ้ง่ายใช้ได้",เลือกใช้สูตรที่เคลมว่าอ่อนโยน ผิวแพ้ง่ายใช้ได้,ใช้,"cleansing water, cleansing sheet (ทิชชู่แผ่นเช็ดเครื่องสำอาง)",Cleansing sheet (ทิชชู่แผ่นเช็ดเครื่องสำอาง),"สูตรผิวแพ้ง่าย, สูตรคุมมัน (สำหรับผิวมัน)",1.0,1.0,1.0,1.0,1.0,0.5,0.6666666666666666,0.9999999999999999,1.0,1.0,"เพื่อนแนะนำ (friend recommended), เห็นคนใช้จริงรีวิว (online review, real users)","kiyora, kireiha, klinor lab",kiyora,1,1,1,0,1,1,0,0,0,0,1,0,0,1,0,0,0,0,1,0,1,1,0,0,1,0,4,,2,0,2,combination,3
2022-08-31 21:57:10,0,29-34 ปี,พนักงานบริษัทเอกชน,"40,000 บาท ขึ้นไป",bangkok,ผิวขาดน้ำ,"สิวอุดตัน, ผิวแพ้ง่าย, รูขุมขนกว้าง","นานๆทีเป็นสิว เช่น มีสิวเฉพาะช่วงมีประจำเดือน, พักผ่อนน้อย",เลือกด้วยตนเอง,"เลือกใช้ให้ตรงตามสภาพผิวและปัญหาผิวของตนเอง, เลือกใช้สูตรที่เคลมว่าอ่อนโยน ผิวแพ้ง่ายใช้ได้","เลือกใช้สูตรที่เคลมว่าไม่ก่อให้เกิดสิว/ลดสิว, เลือกใช้สูตรที่เคลมว่าอ่อนโยน ผิวแพ้ง่ายใช้ได้",ใช้,"cleansing water, cleansing balm",Cleansing balm,"สูตรลดสิว, สูตรผิวแพ้ง่าย, สูตรชุ่มชื้น (สำหรับผิวแห้ง)",0.5,0.5,1.0,0.5,0.0,1.0,0.9999999999999999,0.33333333333333337,0.5,0.5,"เลือกเพราะโปรโมชั่น (promotion), สินค้าออกใหม่/สูตรใหม่ (new product/new formula), มีไซส์เล็ก/ไซส์ทดลอง/ไซส์พกพา (mini size), ยี่ห้อเดิมที่ใช้อยู่หมด/หาซื้อไม่ได้ (current brand is out of stock)",aomizu,banila co,0,1,0,1,1,0,0,0,1,0,0,0,0,0,0,0,0,1,0,0,0,1,0,1,0,0,3,,0,1,2,dry,2
2022-08-31 22:10:29,0,23-28 ปี,พนักงานบริษัทเอกชน,"35,000 - 39,999 บาท",bangkok,ผิวมัน,"สิวอุดตัน, สิวผด, ผิวแพ้ง่าย, รูขุมขนกว้าง, ผิวมันเยิ้ม, ผิวหมองคล้ำ","นานๆทีเป็นสิว เช่น มีสิวเฉพาะช่วงมีประจำเดือน, พักผ่อนน้อย","เลือกด้วยตนเอง, เลือกตามบิวตี้บลอกเกอร์/ผู้ใช้จริงรีวิว ที่มีสภาพผิวคล้ายๆตัวเอง","เลือกใช้ให้ตรงตามสภาพผิวและปัญหาผิวของตนเอง, เลือกใช้สูตรที่เคลมว่าไม่ก่อให้เกิดสิว/ลดสิว, เลือกใช้สูตรที่เคลมว่าอ่อนโยน ผิวแพ้ง่ายใช้ได้, เลือกใช้สูตรที่ขายดี/สูตรดัง ของแบรนด์นั้นๆ","เลือกใช้ให้ตรงตามสภาพผิวและปัญหาผิวของตนเอง, เลือกใช้สูตรที่เคลมว่าอ่อนโยน ผิวแพ้ง่ายใช้ได้, เลือกใช้สูตรที่ขายดี/สูตรดัง ของแบรนด์นั้นๆ",ใช้,"cleansing water, cleansing sheet (ทิชชู่แผ่นเช็ดเครื่องสำอาง), cleansing milk, cleansing oil",Cleansing water,สูตรผิวแพ้ง่าย,1.0,0.5,0.5,0.0,0.0,0.5,0.33333333333333337,0.33333333333333337,0.5,0.5,"ราคาถูกกว่า (cheaper price), เลือกเพราะโปรโมชั่น (promotion), เพื่อนแนะนำ (friend recommended), เห็นคนใช้จริงรีวิว (online review, real users), บิวตี้บลอกเกอร์แนะนำ (beauty bloggers), ผู้เชี่ยวชาญ/หมอผิวหนังแนะนำ (skin expert/dermatologist), มีไซส์เล็ก/ไซส์ทดลอง/ไซส์พกพา (mini size), ยี่ห้อเดิมที่ใช้อยู่หมด/หาซื้อไม่ได้ (current brand is out of stock)","kiyora, kireiha, dermavie",dermavie,0,1,1,1,1,1,0,1,1,1,1,1,0,1,1,0,0,1,0,0,1,1,1,0,1,1,5,,1,2,4,oily,1
2022-08-31 22:13:44,0,23-28 ปี,พนักงานบริษัทเอกชน,"40,000 บาท ขึ้นไป",bangkok,ผิวแห้ง,"ผิวแพ้ง่าย, ผิวแห้ง/ลอก/เป็นขุย","นานๆทีเป็นสิว เช่น มีสิวเฉพาะช่วงมีประจำเดือน, พักผ่อนน้อย","เลือกด้วยตนเอง, เลือกตามเพื่อน",เลือกใช้สูตรที่เคลมว่าอ่อนโยน ผิวแพ้ง่ายใช้ได้,"เลือกใช้สูตรที่เคลมว่าไม่ก่อให้เกิดสิว/ลดสิว, เลือกใช้สูตรที่เคลมว่าอ่อนโยน ผิวแพ้ง่ายใช้ได้",ใช้,"cleansing water, cleansing oil",Cleansing water,"สูตรลดสิว-ผิวแพ้ง่าย, สูตรผิวแพ้ง่าย, สูตรเพื่อผิวกระจ่างใส",1.0,0.25,1.0,1.0,0.5,0.5,0.6666666666666666,0.33333333333333337,0.75,0.5,"เลือกเพราะโปรโมชั่น (promotion), เพื่อนแนะนำ (friend recommended), มีไซส์เล็ก/ไซส์ทดลอง/ไซส์พกพา (mini size)","veloura, florelle, kireiha, dermavie",dermavie,0,0,0,1,0,0,1,0,1,0,0,0,0,0,1,1,1,1,1,0,0,1,1,0,0,0,2,,1,1,2,dry,2
2022-08-31 22:27:03,1,23-28 ปี,พนักงานบริษัทเอกชน,"40,000 บาท ขึ้นไป",bangkok,ผิวมัน,"สิวอุดตัน, รูขุมขนกว้าง, ผิวหมองคล้ำ",สิวเล็กน้อย (ส่วนใหญ่เป็นสิวอุดตัน เป็นสิวอักเสบ/หัวหนองไม่เกิน 10เม็ด),"เลือกตามเพื่อน, เลือกตามบิวตี้บลอกเกอร์/ผู้ใช้จริงรีวิว ที่มีสภาพผิวคล้ายๆตัวเอง","เลือกใช้ให้ตรงตามสภาพผิวและปัญหาผิวของตนเอง, เลือกใช้สูตรที่เคลมว่าไม่ก่อให้เกิดสิว/ลดสิว, เลือกใช้สูตรที่เคลมว่าอ่อนโยน ผิวแพ้ง่ายใช้ได้","เลือกใช้ให้ตรงตามสภาพผิวและปัญหาผิวของตนเอง, เลือกใช้สูตรที่เคลมว่าไม่ก่อให้เกิดสิว/ลดสิว",ใช้,cleansing water,Cleansing water,"สูตรลดสิว-ผิวแพ้ง่าย, สูตรคุมมัน (สำหรับผิวมัน)",1.0,1.0,1.0,0.5,0.5,1.0,0.6666666666666666,0.9999999999999999,1.0,1.0,"เพื่อนแนะนำ (friend recommended), เห็นคนใช้จริงรีวิว (online review, real users), ผู้เชี่ยวชาญ/หมอผิวหนังแนะนำ (skin expert/dermatologist), มีไซส์เล็ก/ไซส์ทดลอง/ไซส์พกพา (mini size)","veloura, eastern belle",eastern belle,0,1,0,0,1,1,0,0,0,1,1,0,0,0,0,1,0,0,1,0,1,1,0,0,0,0,3,1.0,2,0,1,oily,1
2022-08-31 22:29:49,0,29-34 ปี,ธุรกิจส่วนตัว,"40,000 บาท ขึ้นไป",ปทุมธานี,ผิวผสม,"สิวอุดตัน, รูขุมขนกว้าง, ผิวหมองคล้ำ","นานๆทีเป็นสิว เช่น มีสิวเฉพาะช่วงมีประจำเดือน, พักผ่อนน้อย",เลือกด้วยตนเอง,"เลือกใช้ให้ตรงตามสภาพผิวและปัญหาผิวของตนเอง, เลือกใช้สูตรที่เคลมว่าอ่อนโยน ผิวแพ้ง่ายใช้ได้","เลือกใช้สูตรที่เคลมว่าไม่ก่อให้เกิดสิว/ลดสิว, เลือกใช้สูตรที่เคลมว่าอ่อนโยน ผิวแพ้ง่ายใช้ได้",ใช้,"cleansing water, cleansing sheet (ทิชชู่แผ่นเช็ดเครื่องสำอาง)",Cleansing water,สูตรผิวแพ้ง่าย,1.0,0.5,1.0,1.0,1.0,1.0,0.9999999999999999,0.6666666666666666,1.0,0.5,มีไซส์เล็ก/ไซส์ทดลอง/ไซส์พกพา (mini size),"aomizu, dermavie",aomizu,0,1,0,0,1,1,0,0,0,0,0,0,0,0,1,0,0,1,0,0,0,1,0,0,1,0,3,,0,0,2,combination,3
2022-08-31 22:32:24,0,18-22 ปี,นักศึกษา,"ต่ำกว่า 10,000 บาท",bangkok,ผิวมัน,"สิวอุดตัน, รูขุมขนกว้าง, ผิวมันเยิ้ม, ผิวหมองคล้ำ","นานๆทีเป็นสิว เช่น มีสิวเฉพาะช่วงมีประจำเดือน, พักผ่อนน้อย",ปรึกษาหมอผิวหนัง,เลือกใช้ให้ตรงตามสภาพผิวและปัญหาผิวของตนเอง,เลือกใช้สูตรที่เคลมว่าไม่ก่อให้เกิดสิว/ลดสิว,ใช้,cleansing water,Cleansing water,"สูตรลดสิว, สูตรลดสิว-ผิวแพ้ง่าย",0.5,1.0,1.0,1.0,1.0,0.5,0.6666666666666666,0.6666666666666666,1.0,1.0,"เห็นจากโฆษณา (ads), เห็นคนใช้จริงรีวิว (online review, real users), ผู้เชี่ยวชาญ/หมอผิวหนังแนะนำ (skin expert/dermatologist)",florelle,florelle,0,1,1,0,1,1,0,0,0,1,1,0,1,0,0,0,1,0,0,1,0,1,0,0,0,0,4,,1,0,1,oily,1
2022-08-31 22:50:37,0,23-28 ปี,ธุรกิจส่วนตัว,"10,001 - 14,999 บาท",bangkok,ผิวผสม,"สิวผด, รูขุมขนกว้าง, ผิวมันเยิ้ม, ผิวหมองคล้ำ","นานๆทีเป็นสิว เช่น มีสิวเฉพาะช่วงมีประจำเดือน, พักผ่อนน้อย","เลือกตามเพื่อน, เลือกตามบิวตี้บลอกเกอร์/ผู้ใช้จริงรีวิว ที่มีสภาพผิวคล้ายๆตัวเอง",เลือกใช้ให้ตรงตามสภาพผิวและปัญหาผิวของตนเอง,"เลือกใช้สูตรที่เคลมว่าอ่อนโยน ผิวแพ้ง่ายใช้ได้, เลือกใช้สูตรที่ขายดี/สูตรดัง ของแบรนด์นั้นๆ",ใช้,cleansing water,Cleansing water,"สูตรชุ่มชื้น (สำหรับผิวแห้ง), สูตรสำหรับผิวธรรมดา (ไม่มีปัญหาผิว)",0.5,0.5,0.0,0.5,1.0,1.0,0.9999999999999999,0.6666666666666666,0.75,0.75,"เลือกเพราะโปรโมชั่น (promotion), เพื่อนแนะนำ (friend recommended), เห็นคนใช้จริงรีวิว (online review, real users), ผู้เชี่ยวชาญ/หมอผิวหนังแนะนำ (skin expert/dermatologist), ยี่ห้อเดิมที่ใช้อยู่หมด/หาซื้อไม่ได้ (current brand is out of stock), ไม่เคยเปลี่ยนแบรนด์เลย (no switching), glow in skin",glow in skin,glow in skin,0,1,1,0,1,1,0,0,1,1,1,0,0,0,0,0,0,0,1,0,1,1,0,0,0,0,4,,2,1,1,combination,3
2022-08-31 22:53:42,0,23-28 ปี,พนักงานรัฐวิสาหกิจ,"15,000 - 19,999 บาท",แพร่,ผิวมัน,"สิวอุดตัน, สิวผด, ผิวแพ้ง่าย, รูขุมขนกว้าง, ผิวมันเยิ้ม, ผิวหมองคล้ำ",สิวเล็กน้อย (ส่วนใหญ่เป็นสิวอุดตัน เป็นสิวอักเสบ/หัวหนองไม่เกิน 10เม็ด),"เลือกด้วยตนเอง, เลือกตามบิวตี้บลอกเกอร์/ผู้ใช้จริงรีวิว ที่มีสภาพผิวคล้ายๆตัวเอง","เลือกใช้สูตรที่เคลมว่าไม่ก่อให้เกิดสิว/ลดสิว, เลือกใช้สูตรที่เคลมว่าอ่อนโยน ผิวแพ้ง่ายใช้ได้","เลือกใช้สูตรที่เคลมว่าไม่ก่อให้เกิดสิว/ลดสิว, เลือกใช้สูตรที่เคลมว่าอ่อนโยน ผิวแพ้ง่ายใช้ได้",ใช้,cleansing water,Cleansing water,สูตรลดสิว-ผิวแพ้ง่าย,1.0,1.0,1.0,1.0,1.0,0.5,0.6666666666666666,0.6666666666666666,1.0,1.0,"เห็นคนใช้จริงรีวิว (online review, real users), ผู้เชี่ยวชาญ/หมอผิวหนังแนะนำ (skin expert/dermatologist), มีไซส์เล็ก/ไซส์ทดลอง/ไซส์พกพา (mini size), ยี่ห้อเดิมที่ใช้อยู่หมด/หาซื้อไม่ได้ (current brand is out of stock)","veloura, florelle, kiyora, kireiha, hydravax, glow in skin",glow in skin,0,1,1,1,1,1,0,0,0,1,1,0,0,1,0,1,1,1,0,0,1,1,0,0,0,0,5,1.0,1,0,1,oily,1
2022-08-31 22:58:14,0,18-22 ปี,นักศึกษา,"ต่ำกว่า 10,000 บาท",มุกดาหาร,ผิวผสม,"สิวอักเสบ, สิวอุดตัน, สิวผด, ผิวแพ้ง่าย, รูขุมขนกว้าง, ผิวหมองคล้ำ",สิวเล็กน้อย (ส่วนใหญ่เป็นสิวอุดตัน เป็นสิวอักเสบ/หัวหนองไม่เกิน 10เม็ด),เลือกด้วยตนเอง,"เลือกใช้ให้ตรงตามสภาพผิวและปัญหาผิวของตนเอง, เลือกใช้สูตรที่เคลมว่าอ่อนโยน ผิวแพ้ง่ายใช้ได้","เลือกใช้ให้ตรงตามสภาพผิวและปัญหาผิวของตนเอง, เลือกใช้สูตรที่เคลมว่าอ่อนโยน ผิวแพ้ง่ายใช้ได้",ใช้,cleansing water,Cleansing water,สูตรลดสิว-ผิวแพ้ง่าย,0.0,0.5,0.0,0.5,1.0,0.5,0.6666666666666666,0.6666666666666666,0.75,0.5,"เห็นคนใช้จริงรีวิว (online review, real users), บิวตี้บลอกเกอร์แนะนำ (beauty bloggers)",silk elexir,silk elexir,0,1,0,1,1,1,0,0,0,0,1,1,0,0,0,0,0,1,0,0,0,1,0,0,0,0,4,1.0,0,0,1,combination,3
2022-08-31 23:35:02,0,18-22 ปี,นักศึกษา,"ต่ำกว่า 10,000 บาท",พะเยา,ผิวมัน,"สิวอุดตัน, ผิวมันเยิ้ม",สิวเล็กน้อย (ส่วนใหญ่เป็นสิวอุดตัน เป็นสิวอักเสบ/หัวหนองไม่เกิน 10เม็ด),เลือกด้วยตนเอง,"เลือกใช้ให้ตรงตามสภาพผิวและปัญหาผิวของตนเอง, เลือกใช้สูตรที่เคลมว่าไม่ก่อให้เกิดสิว/ลดสิว",เลือกใช้สูตรที่เคลมว่าไม่ก่อให้เกิดสิว/ลดสิว,ใช้,cleansing water,Cleansing water,สูตรลดสิว,0.5,0.75,0.5,0.5,0.5,0.5,0.6666666666666666,0.6666666666666666,0.75,0.75,"เห็นคนใช้จริงรีวิว (online review, real users), บิวตี้บลอกเกอร์แนะนำ (beauty bloggers)",veloura,veloura,0,1,1,0,0,0,0,0,0,0,1,1,0,0,0,1,0,1,0,0,0,1,0,0,0,0,2,1.0,0,0,1,oily,1
2022-09-01 00:00:59,0,23-28 ปี,ข้าราชการ,"15,000 - 19,999 บาท",แพร่,ผิวแห้ง,"สิวอักเสบ, สิวผด, รูขุมขนกว้าง",สิวเล็กน้อย (ส่วนใหญ่เป็นสิวอุดตัน เป็นสิวอักเสบ/หัวหนองไม่เกิน 10เม็ด),"เลือกด้วยตนเอง, เลือกตามบิวตี้บลอกเกอร์/ผู้ใช้จริงรีวิว ที่มีสภาพผิวคล้ายๆตัวเอง","เลือกใช้ให้ตรงตามสภาพผิวและปัญหาผิวของตนเอง, เลือกใช้สูตรที่เคลมว่าไม่ก่อให้เกิดสิว/ลดสิว, เลือกใช้สูตรที่เคลมว่าอ่อนโยน ผิวแพ้ง่ายใช้ได้, เลือกใช้สูตรที่ขายดี/สูตรดัง ของแบรนด์นั้นๆ",เลือกใช้สูตรที่เคลมว่าอ่อนโยน ผิวแพ้ง่ายใช้ได้,ใช้,"cleansing water, cleansing milk",Cleansing milk,"สูตรลดสิว-ผิวแพ้ง่าย, สูตรเพื่อผิวกระจ่างใส",0.5,1.0,1.0,0.5,0.5,1.0,0.9999999999999999,0.9999999999999999,1.0,0.75,"ราคาถูกกว่า (cheaper price), เลือกเพราะโปรโมชั่น (promotion), ยี่ห้อเดิมที่ใช้อยู่หมด/หาซื้อไม่ได้ (current brand is out of stock)","kiyora, kireiha, oréline, klinor lab",klinor lab,0,1,0,0,1,0,0,1,1,0,0,0,0,1,0,0,0,1,0,0,1,1,0,0,0,1,2,1.0,1,2,2,dry,2
2022-09-01 00:45:07,0,29-34 ปี,พนักงานบริษัทเอกชน,"40,000 บาท ขึ้นไป",bangkok,ผิวผสม,"สิวอุดตัน, รูขุมขนกว้าง, ผิวมันเยิ้ม",สิวเล็กน้อย (ส่วนใหญ่เป็นสิวอุดตัน เป็นสิวอักเสบ/หัวหนองไม่เกิน 10เม็ด),"เลือกด้วยตนเอง, เลือกตามเพื่อน, เลือกตามบิวตี้บลอกเกอร์/ผู้ใช้จริงรีวิว ที่มีสภาพผิวคล้ายๆตัวเอง",เลือกใช้ให้ตรงตามสภาพผิวและปัญหาผิวของตนเอง,เลือกใช้ให้ตรงตามสภาพผิวและปัญหาผิวของตนเอง,ใช้,"cleansing water, cleansing oil",Cleansing water,"สูตรลดสิว, สูตรคุมมัน (สำหรับผิวมัน)",1.0,1.0,1.0,0.5,0.5,0.5,0.6666666666666666,0.6666666666666666,1.0,0.75,"ราคาถูกกว่า (cheaper price), เพื่อนแนะนำ (friend recommended), เห็นคนใช้จริงรีวิว (online review, real users), บิวตี้บลอกเกอร์แนะนำ (beauty bloggers), ผู้เชี่ยวชาญ/หมอผิวหนังแนะนำ (skin expert/dermatologist)",kiyora,kiyora,1,1,1,0,1,0,0,1,0,1,1,1,0,1,0,0,0,1,1,0,1,1,1,0,0,0,3,1.0,2,1,2,combination,3
2022-09-01 07:54:58,0,18-22 ปี,นักศึกษา,"ต่ำกว่า 10,000 บาท",พะเยา,ผิวผสม,"สิวอักเสบ, สิวอุดตัน, สิวผด, รูขุมขนกว้าง, ผิวหมองคล้ำ",สิวเล็กน้อย (ส่วนใหญ่เป็นสิวอุดตัน เป็นสิวอักเสบ/หัวหนองไม่เกิน 10เม็ด),"เลือกด้วยตนเอง, เลือกตามเพื่อน, เลือกตามบิวตี้บลอกเกอร์/ผู้ใช้จริงรีวิว ที่มีสภาพผิวคล้ายๆตัวเอง","เลือกใช้ให้ตรงตามสภาพผิวและปัญหาผิวของตนเอง, เลือกใช้สูตรที่เคลมว่าอ่อนโยน ผิวแพ้ง่ายใช้ได้","เลือกใช้ให้ตรงตามสภาพผิวและปัญหาผิวของตนเอง, เลือกใช้สูตรที่เคลมว่าอ่อนโยน ผิวแพ้ง่ายใช้ได้",ใช้,"cleansing water, cleansing oil",Cleansing water,สูตรผิวแพ้ง่าย,1.0,1.0,1.0,1.0,1.0,1.0,0.9999999999999999,0.9999999999999999,1.0,1.0,"เห็นจากโฆษณา (ads), เพื่อนแนะนำ (friend recommended), เห็นคนใช้จริงรีวิว (online review, real users), บิวตี้บลอกเกอร์แนะนำ (beauty bloggers), ผู้เชี่ยวชาญ/หมอผิวหนังแนะนำ (skin expert/dermatologist)",silk elexir,silk elexir,0,1,0,0,1,1,0,0,0,1,1,1,1,0,0,0,0,1,1,0,1,1,1,0,0,0,3,1.0,2,0,2,combination,3
2022-09-01 10:09:41,0,23-28 ปี,พนักงานบริษัทเอกชน,"20,000 - 24,999 บาท",bangkok,ผิวมัน,"สิวอุดตัน, รูขุมขนกว้าง","นานๆทีเป็นสิว เช่น มีสิวเฉพาะช่วงมีประจำเดือน, พักผ่อนน้อย","เลือกด้วยตนเอง, เลือกตามเพื่อน","เลือกใช้ให้ตรงตามสภาพผิวและปัญหาผิวของตนเอง, เลือกใช้สูตรที่เคลมว่าไม่ก่อให้เกิดสิว/ลดสิว, เลือกใช้สูตรที่เคลมว่าอ่อนโยน ผิวแพ้ง่ายใช้ได้, เลือกใช้สูตรที่ขายดี/สูตรดัง ของแบรนด์นั้นๆ",เลือกใช้สูตรที่เคลมว่าอ่อนโยน ผิวแพ้ง่ายใช้ได้,ใช้,cleansing sheet (ทิชชู่แผ่นเช็ดเครื่องสำอาง),Cleansing sheet (ทิชชู่แผ่นเช็ดเครื่องสำอาง),สูตรลดสิว-ผิวแพ้ง่าย,1.0,1.0,1.0,0.5,0.5,1.0,0.9999999999999999,0.9999999999999999,1.0,1.0,"เพื่อนแนะนำ (friend recommended), ผู้เชี่ยวชาญ/หมอผิวหนังแนะนำ (skin expert/dermatologist)","oréline, hikari",hikari,0,1,0,0,1,0,0,0,0,1,0,0,0,0,0,0,0,1,1,0,0,0,0,0,1,0,2,,1,0,1,oily,1
2022-09-01 10:49:12,0,29-34 ปี,พนักงานบริษัทเอกชน,"25,000 - 29,999 บาท",bangkok,ผิวแห้ง,"สิวอักเสบ, รูขุมขนกว้าง, ผิวแห้ง/ลอก/เป็นขุย","นานๆทีเป็นสิว เช่น มีสิวเฉพาะช่วงมีประจำเดือน, พักผ่อนน้อย",เลือกด้วยตนเอง,เลือกใช้ให้ตรงตามสภาพผิวและปัญหาผิวของตนเอง,เลือกใช้ให้ตรงตามสภาพผิวและปัญหาผิวของตนเอง,ใช้,"cleansing water, cleansing oil",Cleansing water,สูตรลดสิว-ผิวแพ้ง่าย,1.0,1.0,1.0,1.0,1.0,1.0,0.9999999999999999,0.6666666666666666,1.0,0.75,"เห็นคนใช้จริงรีวิว (online review, real users), ผู้เชี่ยวชาญ/หมอผิวหนังแนะนำ (skin expert/dermatologist), มีไซส์เล็ก/ไซส์ทดลอง/ไซส์พกพา (mini size), ยี่ห้อเดิมที่ใช้อยู่หมด/หาซื้อไม่ได้ (current brand is out of stock)","florelle, oréline, bellevia, dermavie",florelle,0,1,0,0,1,0,1,0,0,1,1,0,0,0,1,0,1,1,0,0,0,1,1,0,0,0,3,,0,0,2,dry,2
2022-09-01 14:57:39,1,23-28 ปี,พนักงานบริษัทเอกชน,"40,000 บาท ขึ้นไป",bangkok,ผิวผสม,"สิวอักเสบ, สิวอุดตัน, ผิวแพ้ง่าย",สิวเล็กน้อย (ส่วนใหญ่เป็นสิวอุดตัน เป็นสิวอักเสบ/หัวหนองไม่เกิน 10เม็ด),เลือกตามเพื่อน,"เลือกใช้ให้ตรงตามสภาพผิวและปัญหาผิวของตนเอง, เลือกใช้สูตรที่เคลมว่าไม่ก่อให้เกิดสิว/ลดสิว, เลือกใช้สูตรที่เคลมว่าอ่อนโยน ผิวแพ้ง่ายใช้ได้","เลือกใช้ให้ตรงตามสภาพผิวและปัญหาผิวของตนเอง, เลือกใช้สูตรที่เคลมว่าไม่ก่อให้เกิดสิว/ลดสิว",ใช้,cleansing water,Cleansing water,"สูตรลดสิว, สูตรลดสิว-ผิวแพ้ง่าย",1.0,1.0,1.0,0.5,1.0,1.0,0.9999999999999999,0.33333333333333337,0.75,0.5,"ราคาถูกกว่า (cheaper price), เลือกเพราะโปรโมชั่น (promotion), เห็นจากโฆษณา (ads), ผู้เชี่ยวชาญ/หมอผิวหนังแนะนำ (skin expert/dermatologist)",kiyora,kiyora,1,1,0,1,0,0,0,1,1,1,0,0,1,1,0,0,0,0,1,0,0,1,0,0,0,0,2,1.0,1,2,1,combination,3
2022-09-01 15:50:06,0,18-22 ปี,นักศึกษา,"10,001 - 14,999 บาท",bangkok,ไม่แน่ใจ/ไม่ทราบ,"รูขุมขนกว้าง, ผิวแห้ง/ลอก/เป็นขุย, ผิวมันเยิ้ม, ผิวหมองคล้ำ",ไม่มีสิวเลย,"เลือกด้วยตนเอง, เลือกตามบิวตี้บลอกเกอร์/ผู้ใช้จริงรีวิว ที่มีสภาพผิวคล้ายๆตัวเอง, เลือกตามดารา/พรีเซนเตอร์","เลือกใช้สูตรที่เคลมว่าไม่ก่อให้เกิดสิว/ลดสิว, เลือกใช้สูตรที่เคลมว่าอ่อนโยน ผิวแพ้ง่ายใช้ได้, เลือกใช้สูตรที่ขายดี/สูตรดัง ของแบรนด์นั้นๆ","เลือกใช้สูตรที่เคลมว่าไม่ก่อให้เกิดสิว/ลดสิว, เลือกใช้สูตรที่เคลมว่าอ่อนโยน ผิวแพ้ง่ายใช้ได้, เลือกใช้สูตรที่ขายดี/สูตรดัง ของแบรนด์นั้นๆ",ใช้,"cleansing water, cleansing sheet (ทิชชู่แผ่นเช็ดเครื่องสำอาง), cleansing oil",Cleansing water,สูตรคุมมัน (สำหรับผิวมัน),1.0,1.0,1.0,1.0,1.0,1.0,0.9999999999999999,0.9999999999999999,1.0,1.0,"ราคาถูกกว่า (cheaper price), เลือกเพราะโปรโมชั่น (promotion), เห็นจากโฆษณา (ads), เห็นคนใช้จริงรีวิว (online review, real users), ผู้เชี่ยวชาญ/หมอผิวหนังแนะนำ (skin expert/dermatologist)","florelle, aomizu, kireiha",pondra,0,0,1,0,1,1,1,1,1,1,1,0,1,0,0,0,1,1,0,0,1,1,1,0,1,0,4,0.0,1,2,3,unknown,0
2022-09-01 15:52:56,0,18-22 ปี,นักศึกษา,"ต่ำกว่า 10,000 บาท",bangkok,ผิวมัน,"สิวอุดตัน, สิวผด, ผิวแพ้ง่าย, รูขุมขนกว้าง, ผิวมันเยิ้ม",สิวเล็กน้อย (ส่วนใหญ่เป็นสิวอุดตัน เป็นสิวอักเสบ/หัวหนองไม่เกิน 10เม็ด),"เลือกด้วยตนเอง, เลือกตามบิวตี้บลอกเกอร์/ผู้ใช้จริงรีวิว ที่มีสภาพผิวคล้ายๆตัวเอง","เลือกใช้ให้ตรงตามสภาพผิวและปัญหาผิวของตนเอง, เลือกใช้สูตรที่เคลมว่าอ่อนโยน ผิวแพ้ง่ายใช้ได้","เลือกใช้ให้ตรงตามสภาพผิวและปัญหาผิวของตนเอง, เลือกใช้สูตรที่เคลมว่าอ่อนโยน ผิวแพ้ง่ายใช้ได้",ใช้,cleansing water,Cleansing water,"สูตรผิวแพ้ง่าย, สูตรคุมมัน (สำหรับผิวมัน)",0.5,0.75,1.0,1.0,1.0,0.5,0.6666666666666666,0.6666666666666666,0.75,1.0,"ราคาถูกกว่า (cheaper price), เห็นคนใช้จริงรีวิว (online review, real users), ผู้เชี่ยวชาญ/หมอผิวหนังแนะนำ (skin expert/dermatologist)","veloura, kiyora, kireiha, pondra, hydravax",hydravax,0,1,1,1,1,0,0,1,0,1,1,0,0,1,0,1,0,1,0,0,1,1,0,0,0,0,4,1.0,1,1,1,oily,1
2022-09-01 15:54:01,0,18-22 ปี,นักศึกษา,"ต่ำกว่า 10,000 บาท",bangkok,ผิวธรรมดา,"สิวผด, รูขุมขนกว้าง","นานๆทีเป็นสิว เช่น มีสิวเฉพาะช่วงมีประจำเดือน, พักผ่อนน้อย","เลือกด้วยตนเอง, เลือกตามบิวตี้บลอกเกอร์/ผู้ใช้จริงรีวิว ที่มีสภาพผิวคล้ายๆตัวเอง",เลือกใช้สูตรที่เคลมว่าอ่อนโยน ผิวแพ้ง่ายใช้ได้,เลือกใช้สูตรที่ขายดี/สูตรดัง ของแบรนด์นั้นๆ,ใช้,cleansing water,Cleansing water,"สูตรผิวแพ้ง่าย, สูตรเพื่อผิวกระจ่างใส, สูตรสำหรับผิวธรรมดา (ไม่มีปัญหาผิว)",0.5,0.5,0.5,0.5,0.5,1.0,0.6666666666666666,0.6666666666666666,0.75,0.75,"ราคาถูกกว่า (cheaper price), เลือกเพราะโปรโมชั่น (promotion), เห็นจากโฆษณา (ads), ยี่ห้อเดิมที่ใช้อยู่หมด/หาซื้อไม่ได้ (current brand is out of stock)","veloura, kiyora, kireiha",kiyora,1,1,0,0,1,0,0,1,1,0,0,0,1,1,0,1,0,1,0,0,1,1,0,0,0,0,2,,1,2,1,normal,4
2022-09-01 15:54:12,0,18-22 ปี,นักศึกษา,"10,001 - 14,999 บาท",bangkok,ผิวผสม,"สิวอุดตัน, ผิวแพ้ง่าย, ผิวหมองคล้ำ","นานๆทีเป็นสิว เช่น มีสิวเฉพาะช่วงมีประจำเดือน, พักผ่อนน้อย",เลือกด้วยตนเอง,"เลือกใช้ให้ตรงตามสภาพผิวและปัญหาผิวของตนเอง, เลือกใช้สูตรที่เคลมว่าอ่อนโยน ผิวแพ้ง่ายใช้ได้",เลือกใช้สูตรที่เคลมว่าอ่อนโยน ผิวแพ้ง่ายใช้ได้,ใช้,"cleansing water, cleansing oil",Cleansing water,สูตรผิวแพ้ง่าย,1.0,1.0,1.0,0.5,1.0,0.0,0.33333333333333337,0.33333333333333337,1.0,0.5,"ราคาถูกกว่า (cheaper price), เพื่อนแนะนำ (friend recommended), เห็นคนใช้จริงรีวิว (online review, real users), ผู้เชี่ยวชาญ/หมอผิวหนังแนะนำ (skin expert/dermatologist)","veloura, florelle",veloura,0,1,0,1,0,1,0,1,0,1,1,0,0,0,0,1,1,1,0,0,0,1,1,0,0,0,3,,0,1,2,combination,3
2022-09-01 15:55:29,0,18-22 ปี,นักศึกษา,"ต่ำกว่า 10,000 บาท",นนทบุรี,ผิวมัน,"สิวอักเสบ, สิวอุดตัน, สิวผด, ผิวแพ้ง่าย, รูขุมขนกว้าง, ผิวมันเยิ้ม, ผิวหมองคล้ำ",สิวรุนแรง (มีสิวทุกประเภทร่วมกันเป็นกลุ่มก้อน อักเสบนาน และมีหนองไหล),"เลือกด้วยตนเอง, เลือกตามบิวตี้บลอกเกอร์/ผู้ใช้จริงรีวิว ที่มีสภาพผิวคล้ายๆตัวเอง","เลือกใช้ให้ตรงตามสภาพผิวและปัญหาผิวของตนเอง, เลือกใช้สูตรที่เคลมว่าไม่ก่อให้เกิดสิว/ลดสิว, เลือกใช้สูตรที่เคลมว่าอ่อนโยน ผิวแพ้ง่ายใช้ได้","เลือกใช้ให้ตรงตามสภาพผิวและปัญหาผิวของตนเอง, เลือกใช้สูตรที่เคลมว่าไม่ก่อให้เกิดสิว/ลดสิว, เลือกใช้สูตรที่เคลมว่าอ่อนโยน ผิวแพ้ง่ายใช้ได้",ใช้,cleansing water,Cleansing water,"สูตรลดสิว, สูตรคุมมัน (สำหรับผิวมัน)",1.0,1.0,1.0,1.0,1.0,1.0,0.9999999999999999,0.9999999999999999,1.0,1.0,"เลือกเพราะโปรโมชั่น (promotion), เห็นคนใช้จริงรีวิว (online review, real users), ผู้เชี่ยวชาญ/หมอผิวหนังแนะนำ (skin expert/dermatologist)","florelle, dermacerin, dermavie, klinor lab",klinor lab,0,1,1,1,1,1,0,0,1,1,1,0,0,0,1,0,1,1,0,0,1,1,0,0,0,0,5,3.0,1,1,1,oily,1
2022-09-01 16:06:09,0,18-22 ปี,นักศึกษา,"ต่ำกว่า 10,000 บาท",bangkok,ผิวธรรมดา,"สิวอักเสบ, สิวอุดตัน, สิวผด, รูขุมขนกว้าง, ผิวแห้ง/ลอก/เป็นขุย, ผิวมันเยิ้ม",สิวปานกลาง (เป็นสิวอักเสบ/หัวหนองมากกว่า10เม็ด),"เลือกด้วยตนเอง, เลือกตามบิวตี้บลอกเกอร์/ผู้ใช้จริงรีวิว ที่มีสภาพผิวคล้ายๆตัวเอง","เลือกใช้ให้ตรงตามสภาพผิวและปัญหาผิวของตนเอง, เลือกใช้สูตรที่เคลมว่าไม่ก่อให้เกิดสิว/ลดสิว","เลือกใช้สูตรที่เคลมว่าไม่ก่อให้เกิดสิว/ลดสิว, เลือกใช้สูตรที่เคลมว่าอ่อนโยน ผิวแพ้ง่ายใช้ได้",ใช้,cleansing water,Cleansing water,"สูตรลดสิว, สูตรเพื่อผิวกระจ่างใส",0.5,1.0,0.5,1.0,1.0,0.5,0.6666666666666666,0.9999999999999999,1.0,1.0,"เลือกเพราะโปรโมชั่น (promotion), เห็นคนใช้จริงรีวิว (online review, real users)",florelle,florelle,0,1,1,0,1,0,1,0,1,0,1,0,0,0,0,0,1,1,0,0,1,1,0,0,0,0,4,2.0,1,1,1,normal,4
2022-09-01 17:47:50,0,18-22 ปี,นักศึกษา,"10,001 - 14,999 บาท",ปทุมธานี,ผิวผสม,"สิวอักเสบ, สิวอุดตัน, สิวผด","นานๆทีเป็นสิว เช่น มีสิวเฉพาะช่วงมีประจำเดือน, พักผ่อนน้อย",เลือกตามบิวตี้บลอกเกอร์/ผู้ใช้จริงรีวิว ที่มีสภาพผิวคล้ายๆตัวเอง,"เลือกใช้ให้ตรงตามสภาพผิวและปัญหาผิวของตนเอง, เลือกใช้สูตรที่เคลมว่าอ่อนโยน ผิวแพ้ง่ายใช้ได้",เลือกใช้สูตรที่เคลมว่าอ่อนโยน ผิวแพ้ง่ายใช้ได้,ใช้,"cleansing water, cleansing oil",Cleansing water,"สูตรผิวแพ้ง่าย, สูตรคุมมัน (สำหรับผิวมัน)",1.0,0.0,1.0,0.0,0.5,1.0,0.9999999999999999,0.0,1.0,0.75,"เห็นคนใช้จริงรีวิว (online review, real users), บิวตี้บลอกเกอร์แนะนำ (beauty bloggers)",srinaraกับprettyrush,cutepress,0,1,0,0,0,0,0,0,0,0,1,1,0,0,0,0,0,0,0,0,1,1,1,0,0,0,1,,1,0,2,combination,3
2022-09-01 18:23:40,0,ต่ำกว่า 18 ปี,นักเรียน,"ต่ำกว่า 10,000 บาท",เชียงใหม่,ไม่แน่ใจ/ไม่ทราบ,ผิวหมองคล้ำ,"นานๆทีเป็นสิว เช่น มีสิวเฉพาะช่วงมีประจำเดือน, พักผ่อนน้อย",เลือกด้วยตนเอง,เลือกใช้ให้ตรงตามสภาพผิวและปัญหาผิวของตนเอง,เลือกใช้ให้ตรงตามสภาพผิวและปัญหาผิวของตนเอง,ใช้,cleansing water,Cleansing water,สูตรเพื่อผิวกระจ่างใส,0.5,0.25,0.0,1.0,0.0,0.0,0.33333333333333337,0.33333333333333337,0.5,0.5,"เห็นจากโฆษณา (ads), เพื่อนแนะนำ (friend recommended), มีไซส์เล็ก/ไซส์ทดลอง/ไซส์พกพา (mini size)",veloura,veloura,0,0,0,0,0,1,0,0,0,0,0,0,1,0,0,1,0,1,0,0,0,1,0,0,0,0,1,,0,0,1,unknown,0
2022-09-02 00:13:52,0,18-22 ปี,นักศึกษา,"ต่ำกว่า 10,000 บาท",bangkok,ผิวผสม,"สิวอักเสบ, สิวอุดตัน, สิวผด, รูขุมขนกว้าง",สิวเล็กน้อย (ส่วนใหญ่เป็นสิวอุดตัน เป็นสิวอักเสบ/หัวหนองไม่เกิน 10เม็ด),"เลือกตามเพื่อน, เลือกตามบิวตี้บลอกเกอร์/ผู้ใช้จริงรีวิว ที่มีสภาพผิวคล้ายๆตัวเอง",เลือกใช้สูตรที่เคลมว่าอ่อนโยน ผิวแพ้ง่ายใช้ได้,"เลือกใช้สูตรที่เคลมว่าอ่อนโยน ผิวแพ้ง่ายใช้ได้, เลือกใช้สูตรที่ขายดี/สูตรดัง ของแบรนด์นั้นๆ",ใช้,cleansing water,Cleansing water,สูตรผิวแพ้ง่าย,1.0,0.75,1.0,1.0,1.0,1.0,0.9999999999999999,0.33333333333333337,1.0,0.75,"เพื่อนแนะนำ (friend recommended), เห็นคนใช้จริงรีวิว (online review, real users), บิวตี้บลอกเกอร์แนะนำ (beauty bloggers)",dermavie,dermavie,0,1,0,0,1,0,0,0,0,0,1,1,0,0,1,0,0,0,1,0,1,1,0,0,0,0,2,1.0,2,0,1,combination,3
2022-09-02 00:18:59,0,23-28 ปี,พนักงานบริษัทเอกชน,"30,000 - 34,999 บาท",bangkok,ผิวธรรมดา,ไม่มีปัญหาผิว,"นานๆทีเป็นสิว เช่น มีสิวเฉพาะช่วงมีประจำเดือน, พักผ่อนน้อย",เลือกด้วยตนเอง,เลือกใช้สูตรที่เคลมว่าอ่อนโยน ผิวแพ้ง่ายใช้ได้,เลือกใช้สูตรที่เคลมว่าอ่อนโยน ผิวแพ้ง่ายใช้ได้,ใช้,"cleansing water, cleansing sheet (ทิชชู่แผ่นเช็ดเครื่องสำอาง)",Cleansing water,สูตรสำหรับผิวธรรมดา (ไม่มีปัญหาผิว),1.0,0.5,0.5,1.0,1.0,0.5,0.33333333333333337,0.0,1.0,0.25,"เห็นจากโฆษณา (ads), เพื่อนแนะนำ (friend recommended)","florelle, kiyora, kireiha",florelle,0,0,0,0,0,0,0,0,0,0,0,0,1,1,0,0,1,1,0,0,0,1,0,0,1,0,0,,0,0,2,normal,4
2022-09-02 00:23:43,0,18-22 ปี,นักศึกษา,"ต่ำกว่า 10,000 บาท",bangkok,ผิวผสม,"สิวอักเสบ, สิวผด, ผิวแพ้ง่าย, รูขุมขนกว้าง, รอยสิว",สิวเล็กน้อย (ส่วนใหญ่เป็นสิวอุดตัน เป็นสิวอักเสบ/หัวหนองไม่เกิน 10เม็ด),"เลือกด้วยตนเอง, เลือกตามบิวตี้บลอกเกอร์/ผู้ใช้จริงรีวิว ที่มีสภาพผิวคล้ายๆตัวเอง","เลือกใช้ให้ตรงตามสภาพผิวและปัญหาผิวของตนเอง, เลือกใช้สูตรที่เคลมว่าไม่ก่อให้เกิดสิว/ลดสิว, เลือกใช้สูตรที่เคลมว่าอ่อนโยน ผิวแพ้ง่ายใช้ได้","เลือกใช้ให้ตรงตามสภาพผิวและปัญหาผิวของตนเอง, เลือกใช้สูตรที่เคลมว่าไม่ก่อให้เกิดสิว/ลดสิว, เลือกใช้สูตรที่เคลมว่าอ่อนโยน ผิวแพ้ง่ายใช้ได้",ใช้,cleansing water,Cleansing water,สูตรลดสิว-ผิวแพ้ง่าย,1.0,1.0,1.0,1.0,1.0,0.0,0.9999999999999999,0.6666666666666666,1.0,0.5,"เห็นคนใช้จริงรีวิว (online review, real users), บิวตี้บลอกเกอร์แนะนำ (beauty bloggers)","florelle, kiyora, fresh & free",fresh & free,0,1,0,1,1,0,0,0,0,0,1,1,0,1,0,0,1,1,0,0,1,1,0,0,0,0,3,1.0,1,0,1,combination,3
2022-09-02 00:27:36,0,18-22 ปี,นักศึกษา,"ต่ำกว่า 10,000 บาท",bangkok,ผิวมัน,"สิวอักเสบ, สิวอุดตัน, สิวผด, ผิวแพ้ง่าย, รูขุมขนกว้าง, ผิวมันเยิ้ม",สิวเล็กน้อย (ส่วนใหญ่เป็นสิวอุดตัน เป็นสิวอักเสบ/หัวหนองไม่เกิน 10เม็ด),เลือกด้วยตนเอง,เลือกใช้ให้ตรงตามสภาพผิวและปัญหาผิวของตนเอง,"เลือกใช้ให้ตรงตามสภาพผิวและปัญหาผิวของตนเอง, เลือกใช้สูตรที่เคลมว่าไม่ก่อให้เกิดสิว/ลดสิว, เลือกใช้สูตรที่เคลมว่าอ่อนโยน ผิวแพ้ง่ายใช้ได้",ใช้,cleansing water,Cleansing water,"สูตรลดสิว-ผิวแพ้ง่าย, สูตรคุมมัน (สำหรับผิวมัน)",0.5,1.0,1.0,1.0,1.0,1.0,0.9999999999999999,0.6666666666666666,0.75,1.0,"เลือกเพราะโปรโมชั่น (promotion), เห็นจากโฆษณา (ads)",herbanery,herbanery,0,1,1,1,1,0,0,0,1,0,0,0,1,0,0,0,0,1,0,0,0,1,0,0,0,0,4,1.0,0,1,1,oily,1
2022-09-02 03:28:43,0,18-22 ปี,นักศึกษา,"15,000 - 19,999 บาท",bangkok,ผิวแห้ง,"สิวผด, ผิวแห้ง/ลอก/เป็นขุย, ผิวหมองคล้ำ","นานๆทีเป็นสิว เช่น มีสิวเฉพาะช่วงมีประจำเดือน, พักผ่อนน้อย","เลือกด้วยตนเอง, เลือกตามบิวตี้บลอกเกอร์/ผู้ใช้จริงรีวิว ที่มีสภาพผิวคล้ายๆตัวเอง","เลือกใช้ให้ตรงตามสภาพผิวและปัญหาผิวของตนเอง, เลือกใช้สูตรที่เคลมว่าไม่ก่อให้เกิดสิว/ลดสิว, เลือกใช้สูตรที่เคลมว่าอ่อนโยน ผิวแพ้ง่ายใช้ได้, เลือกใช้สูตรที่ขายดี/สูตรดัง ของแบรนด์นั้นๆ",เลือกใช้สูตรที่ขายดี/สูตรดัง ของแบรนด์นั้นๆ,ใช้,"cleansing water, cleansing oil",Cleansing oil,"สูตรชุ่มชื้น (สำหรับผิวแห้ง), สูตรเพื่อผิวกระจ่างใส",1.0,0.75,0.5,0.5,1.0,1.0,0.6666666666666666,0.9999999999999999,1.0,0.25,"เลือกเพราะโปรโมชั่น (promotion), เห็นคนใช้จริงรีวิว (online review, real users), บิวตี้บลอกเกอร์แนะนำ (beauty bloggers), ผู้เชี่ยวชาญ/หมอผิวหนังแนะนำ (skin expert/dermatologist)","dermavie, theria",theria,0,1,0,0,0,1,1,0,1,1,1,1,0,0,1,0,0,1,0,0,1,1,1,0,0,0,3,,1,1,2,dry,2
2022-09-02 06:56:03,0,18-22 ปี,นักศึกษา,"10,001 - 14,999 บาท",bangkok,ผิวมัน,"สิวอักเสบ, สิวอุดตัน, สิวผด, รูขุมขนกว้าง, ผิวมันเยิ้ม",สิวปานกลาง (เป็นสิวอักเสบ/หัวหนองมากกว่า10เม็ด),"เลือกด้วยตนเอง, เลือกตามเพื่อน, เลือกตามบิวตี้บลอกเกอร์/ผู้ใช้จริงรีวิว ที่มีสภาพผิวคล้ายๆตัวเอง","เลือกใช้ให้ตรงตามสภาพผิวและปัญหาผิวของตนเอง, เลือกใช้สูตรที่เคลมว่าไม่ก่อให้เกิดสิว/ลดสิว","เลือกใช้ให้ตรงตามสภาพผิวและปัญหาผิวของตนเอง, เลือกใช้สูตรที่เคลมว่าไม่ก่อให้เกิดสิว/ลดสิว",ใช้,cleansing water,Cleansing water,"สูตรลดสิว, สูตรลดสิว-ผิวแพ้ง่าย",1.0,1.0,1.0,0.5,1.0,0.5,0.6666666666666666,0.33333333333333337,1.0,0.75,"เลือกเพราะโปรโมชั่น (promotion), เพื่อนแนะนำ (friend recommended), เห็นคนใช้จริงรีวิว (online review, real users), บิวตี้บลอกเกอร์แนะนำ (beauty bloggers), ผู้เชี่ยวชาญ/หมอผิวหนังแนะนำ (skin expert/dermatologist), ยี่ห้อเดิมที่ใช้อยู่หมด/หาซื้อไม่ได้ (current brand is out of stock)","veloura, florelle, kiyora, aomizu, kireiha, silk elexir, dermacerin",veloura,0,1,1,0,1,0,0,0,1,1,1,1,0,1,0,1,1,1,1,0,1,1,0,0,0,0,3,2.0,2,1,1,oily,1
2022-09-02 07:37:26,0,35 ปี ขึ้นไป,ข้าราชการ,"40,000 บาท ขึ้นไป",นครปฐม,ผิวธรรมดา,ผิวแห้ง/ลอก/เป็นขุย,ไม่มีสิวเลย,"เลือกด้วยตนเอง, เลือกตามเพื่อน, เลือกตามบิวตี้บลอกเกอร์/ผู้ใช้จริงรีวิว ที่มีสภาพผิวคล้ายๆตัวเอง","เลือกใช้ให้ตรงตามสภาพผิวและปัญหาผิวของตนเอง, เลือกใช้สูตรที่เคลมว่าไม่ก่อให้เกิดสิว/ลดสิว, เลือกใช้สูตรที่เคลมว่าอ่อนโยน ผิวแพ้ง่ายใช้ได้","เลือกใช้ให้ตรงตามสภาพผิวและปัญหาผิวของตนเอง, เลือกใช้สูตรที่เคลมว่าอ่อนโยน ผิวแพ้ง่ายใช้ได้",ใช้,cleansing water,Cleansing water,สูตรชุ่มชื้น (สำหรับผิวแห้ง),1.0,0.75,1.0,1.0,1.0,1.0,0.6666666666666666,0.9999999999999999,1.0,1.0,"บิวตี้บลอกเกอร์แนะนำ (beauty bloggers), มีไซส์เล็ก/ไซส์ทดลอง/ไซส์พกพา (mini size), ยี่ห้อเดิมที่ใช้อยู่หมด/หาซื้อไม่ได้ (current brand is out of stock)","florelle, kiyora",florelle,0,0,0,0,0,0,1,0,0,0,0,1,0,1,0,0,1,1,1,0,1,1,0,0,0,0,1,0.0,2,0,1,normal,4
2022-09-02 09:28:02,0,18-22 ปี,นักศึกษา,"ต่ำกว่า 10,000 บาท",bangkok,ผิวผสม,"รูขุมขนกว้าง, ผิวแห้ง/ลอก/เป็นขุย, ผิวมันเยิ้ม, ผิวหมองคล้ำ","นานๆทีเป็นสิว เช่น มีสิวเฉพาะช่วงมีประจำเดือน, พักผ่อนน้อย","เลือกด้วยตนเอง, เลือกตามเพื่อน, เลือกตามบิวตี้บลอกเกอร์/ผู้ใช้จริงรีวิว ที่มีสภาพผิวคล้ายๆตัวเอง","เลือกใช้ให้ตรงตามสภาพผิวและปัญหาผิวของตนเอง, เลือกใช้สูตรที่ขายดี/สูตรดัง ของแบรนด์นั้นๆ",เลือกใช้ให้ตรงตามสภาพผิวและปัญหาผิวของตนเอง,ใช้,"cleansing water, cleansing oil",Cleansing water,สูตรสำหรับผิวธรรมดา (ไม่มีปัญหาผิว),1.0,0.75,0.0,0.5,1.0,1.0,0.9999999999999999,0.6666666666666666,0.75,0.75,"ราคาถูกกว่า (cheaper price), เลือกเพราะโปรโมชั่น (promotion), เห็นจากโฆษณา (ads), เพื่อนแนะนำ (friend recommended)",florelle,florelle,0,0,1,0,1,1,1,1,1,0,0,0,1,0,0,0,1,1,1,0,1,1,1,0,0,0,4,,2,2,2,combination,3
2022-09-02 10:47:51,0,18-22 ปี,นักศึกษา,"ต่ำกว่า 10,000 บาท",bangkok,ผิวแห้ง,ผิวแพ้ง่าย,"นานๆทีเป็นสิว เช่น มีสิวเฉพาะช่วงมีประจำเดือน, พักผ่อนน้อย","เลือกตามเพื่อน, เลือกตามดารา/พรีเซนเตอร์",เลือกใช้สูตรที่เคลมว่าอ่อนโยน ผิวแพ้ง่ายใช้ได้,เลือกใช้สูตรที่เคลมว่าอ่อนโยน ผิวแพ้ง่ายใช้ได้,ใช้,"cleansing water, cleansing sheet (ทิชชู่แผ่นเช็ดเครื่องสำอาง), cleansing oil",Cleansing water,สูตรผิวแพ้ง่าย,0.5,0.75,1.0,1.0,1.0,0.5,0.6666666666666666,0.33333333333333337,1.0,0.5,"เพื่อนแนะนำ (friend recommended), ไม่เคยเปลี่ยนแบรนด์เลย (no switching)","florelle, kireiha, greenoria isle",greenoria isle,0,0,0,1,0,0,0,0,0,0,0,0,0,0,0,0,1,0,1,0,0,1,1,0,1,0,1,,1,0,3,dry,2
2022-09-02 14:21:54,0,23-28 ปี,ธุรกิจส่วนตัว,"40,000 บาท ขึ้นไป",สมุทรปราการ,ผิวแห้ง,"สิวอุดตัน, ผิวแห้ง/ลอก/เป็นขุย","นานๆทีเป็นสิว เช่น มีสิวเฉพาะช่วงมีประจำเดือน, พักผ่อนน้อย",เลือกตามบิวตี้บลอกเกอร์/ผู้ใช้จริงรีวิว ที่มีสภาพผิวคล้ายๆตัวเอง,เลือกใช้ให้ตรงตามสภาพผิวและปัญหาผิวของตนเอง,เลือกใช้ให้ตรงตามสภาพผิวและปัญหาผิวของตนเอง,ใช้,"cleansing water, cleansing oil, cleansing balm",Cleansing balm,"สูตรลดสิว-ผิวแพ้ง่าย, สูตรชุ่มชื้น (สำหรับผิวแห้ง)",1.0,1.0,1.0,0.0,1.0,1.0,0.9999999999999999,0.9999999999999999,1.0,1.0,"เลือกเพราะโปรโมชั่น (promotion), เพื่อนแนะนำ (friend recommended), เห็นคนใช้จริงรีวิว (online review, real users), บิวตี้บลอกเกอร์แนะนำ (beauty bloggers)",aomizu,aomizu,0,1,0,0,0,0,1,0,1,0,1,1,0,0,0,0,0,0,0,0,1,1,1,1,0,0,2,,1,1,3,dry,2
2022-09-02 14:31:06,0,23-28 ปี,พนักงานบริษัทเอกชน,"40,000 บาท ขึ้นไป",bangkok,ผิวขาดน้ำ,"สิวอักเสบ, สิวอุดตัน, สิวผด, ผิวแพ้ง่าย, รูขุมขนกว้าง, ผิวแห้ง/ลอก/เป็นขุย, ผิวมันเยิ้ม, ผิวหมองคล้ำ",สิวเล็กน้อย (ส่วนใหญ่เป็นสิวอุดตัน เป็นสิวอักเสบ/หัวหนองไม่เกิน 10เม็ด),"เลือกด้วยตนเอง, ปรึกษาหมอผิวหนัง, เลือกตามบิวตี้บลอกเกอร์/ผู้ใช้จริงรีวิว ที่มีสภาพผิวคล้ายๆตัวเอง","เลือกใช้ให้ตรงตามสภาพผิวและปัญหาผิวของตนเอง, เลือกใช้สูตรที่เคลมว่าอ่อนโยน ผิวแพ้ง่ายใช้ได้","เลือกใช้ให้ตรงตามสภาพผิวและปัญหาผิวของตนเอง, เลือกใช้สูตรที่เคลมว่าไม่ก่อให้เกิดสิว/ลดสิว, เลือกใช้สูตรที่เคลมว่าอ่อนโยน ผิวแพ้ง่ายใช้ได้, เลือกใช้สูตรที่ขายดี/สูตรดัง ของแบรนด์นั้นๆ",ใช้,"cleansing water, cleansing milk, cleansing balm",Cleansing balm,"สูตรลดสิว-ผิวแพ้ง่าย, สูตรผิวแพ้ง่าย",1.0,1.0,1.0,1.0,1.0,0.5,0.9999999999999999,0.0,0.75,0.0,"เลือกเพราะโปรโมชั่น (promotion), เพื่อนแนะนำ (friend recommended), เห็นคนใช้จริงรีวิว (online review, real users), บิวตี้บลอกเกอร์แนะนำ (beauty bloggers), ผู้เชี่ยวชาญ/หมอผิวหนังแนะนำ (skin expert/dermatologist), มีไซส์เล็ก/ไซส์ทดลอง/ไซส์พกพา (mini size), ยี่ห้อเดิมที่ใช้อยู่หมด/หาซื้อไม่ได้ (current brand is out of stock)",florelle,florelle,0,1,1,1,1,1,1,0,1,1,1,1,0,0,0,0,1,1,0,1,1,1,0,1,0,1,6,1.0,2,1,3,dry,2
2022-09-02 14:34:34,0,23-28 ปี,พนักงานบริษัทเอกชน,"40,000 บาท ขึ้นไป",สมุทรปราการ,ผิวมัน,"สิวอักเสบ, สิวอุดตัน, สิวผด, ผิวแพ้ง่าย",สิวรุนแรง (มีสิวทุกประเภทร่วมกันเป็นกลุ่มก้อน อักเสบนาน และมีหนองไหล),"เลือกตามเพื่อน, ปรึกษาหมอผิวหนัง, เลือกตามบิวตี้บลอกเกอร์/ผู้ใช้จริงรีวิว ที่มีสภาพผิวคล้ายๆตัวเอง","เลือกใช้ให้ตรงตามสภาพผิวและปัญหาผิวของตนเอง, เลือกใช้สูตรที่เคลมว่าไม่ก่อให้เกิดสิว/ลดสิว","เลือกใช้สูตรที่เคลมว่าอ่อนโยน ผิวแพ้ง่ายใช้ได้, เลือกใช้สูตรที่ขายดี/สูตรดัง ของแบรนด์นั้นๆ",ใช้,"cleansing water, cleansing oil, cleansing balm",Cleansing water,สูตรผิวแพ้ง่าย,1.0,0.5,1.0,1.0,0.5,0.5,0.6666666666666666,0.33333333333333337,0.5,0.5,"เพื่อนแนะนำ (friend recommended), บิวตี้บลอกเกอร์แนะนำ (beauty bloggers), ผู้เชี่ยวชาญ/หมอผิวหนังแนะนำ (skin expert/dermatologist)",dermavie,dermavie,0,1,0,1,0,0,0,0,0,1,0,1,0,0,1,0,0,0,1,1,1,1,1,1,0,0,2,3.0,3,0,3,oily,1
2022-09-02 15:59:34,0,35 ปี ขึ้นไป,ข้าราชการ,"40,000 บาท ขึ้นไป",ปทุมธานี,ผิวแห้ง,"รูขุมขนกว้าง, ฝ้า กระ",สิวเล็กน้อย (ส่วนใหญ่เป็นสิวอุดตัน เป็นสิวอักเสบ/หัวหนองไม่เกิน 10เม็ด),"เลือกด้วยตนเอง, เลือกตามดารา/พรีเซนเตอร์","เลือกใช้ให้ตรงตามสภาพผิวและปัญหาผิวของตนเอง, เลือกใช้สูตรที่เคลมว่าอ่อนโยน ผิวแพ้ง่ายใช้ได้","เลือกใช้ให้ตรงตามสภาพผิวและปัญหาผิวของตนเอง, เลือกใช้สูตรที่เคลมว่าอ่อนโยน ผิวแพ้ง่ายใช้ได้",ใช้,"cleansing water, cleansing milk",Cleansing milk,สูตรสำหรับผิวธรรมดา (ไม่มีปัญหาผิว),1.0,1.0,0.5,0.5,0.5,1.0,0.9999999999999999,0.6666666666666666,0.75,0.75,เลือกเพราะโปรโมชั่น (promotion),"oréline, hydravax",oréline,0,0,0,0,1,0,0,0,1,0,0,0,0,0,0,0,0,1,0,0,0,1,0,0,0,1,1,1.0,0,1,2,dry,2
2022-09-02 16:01:58,0,29-34 ปี,พนักงานบริษัทเอกชน,"40,000 บาท ขึ้นไป",bangkok,ผิวขาดน้ำ,รูขุมขนกว้าง,"นานๆทีเป็นสิว เช่น มีสิวเฉพาะช่วงมีประจำเดือน, พักผ่อนน้อย","เลือกด้วยตนเอง, ปรึกษาหมอผิวหนัง, เลือกตามบิวตี้บลอกเกอร์/ผู้ใช้จริงรีวิว ที่มีสภาพผิวคล้ายๆตัวเอง","เลือกใช้ให้ตรงตามสภาพผิวและปัญหาผิวของตนเอง, เลือกใช้สูตรที่เคลมว่าอ่อนโยน ผิวแพ้ง่ายใช้ได้, เลือกใช้สูตรที่ขายดี/สูตรดัง ของแบรนด์นั้นๆ","เลือกใช้ให้ตรงตามสภาพผิวและปัญหาผิวของตนเอง, เลือกใช้สูตรที่เคลมว่าอ่อนโยน ผิวแพ้ง่ายใช้ได้, เลือกใช้สูตรที่ขายดี/สูตรดัง ของแบรนด์นั้นๆ",ใช้,cleansing water,Cleansing water,"สูตรคุมมัน (สำหรับผิวมัน), สูตรชุ่มชื้น (สำหรับผิวแห้ง)",1.0,0.5,1.0,1.0,1.0,0.5,0.6666666666666666,0.6666666666666666,1.0,1.0,"เลือกเพราะโปรโมชั่น (promotion), เห็นจากโฆษณา (ads), เห็นคนใช้จริงรีวิว (online review, real users), บิวตี้บลอกเกอร์แนะนำ (beauty bloggers), ผู้เชี่ยวชาญ/หมอผิวหนังแนะนำ (skin expert/dermatologist), ยี่ห้อเดิมที่ใช้อยู่หมด/หาซื้อไม่ได้ (current brand is out of stock)","veloura, kiyora, dermavie",veloura,0,0,0,0,1,0,0,0,1,1,1,1,1,1,1,1,0,1,0,1,1,1,0,0,0,0,1,,2,1,1,dry,2
2022-09-02 16:06:30,0,23-28 ปี,ลูกจ้างประจำ,"ต่ำกว่า 10,000 บาท",เชียงใหม่,ผิวผสม,"สิวผด, รูขุมขนกว้าง, ผิวแห้ง/ลอก/เป็นขุย, ผิวหมองคล้ำ",สิวเล็กน้อย (ส่วนใหญ่เป็นสิวอุดตัน เป็นสิวอักเสบ/หัวหนองไม่เกิน 10เม็ด),"เลือกด้วยตนเอง, เลือกตามเพื่อน, เลือกตามบิวตี้บลอกเกอร์/ผู้ใช้จริงรีวิว ที่มีสภาพผิวคล้ายๆตัวเอง",เลือกใช้ให้ตรงตามสภาพผิวและปัญหาผิวของตนเอง,เลือกใช้ให้ตรงตามสภาพผิวและปัญหาผิวของตนเอง,ใช้,cleansing water,Cleansing water,"สูตรผิวแพ้ง่าย, สูตรคุมมัน (สำหรับผิวมัน)",1.0,1.0,1.0,0.5,1.0,1.0,0.6666666666666666,0.9999999999999999,1.0,1.0,"เห็นคนใช้จริงรีวิว (online review, real users), ผู้เชี่ยวชาญ/หมอผิวหนังแนะนำ (skin expert/dermatologist), สินค้าออกใหม่/สูตรใหม่ (new product/new formula)",kiyora,kiyora,1,1,0,0,1,1,1,0,0,1,1,0,0,1,0,0,0,1,1,0,1,1,0,0,0,0,4,1.0,2,0,1,combination,3
2022-09-02 16:08:16,0,35 ปี ขึ้นไป,ข้าราชการ,"40,000 บาท ขึ้นไป",bangkok,ผิวผสม,"รูขุมขนกว้าง, ผิวแห้ง/ลอก/เป็นขุย","นานๆทีเป็นสิว เช่น มีสิวเฉพาะช่วงมีประจำเดือน, พักผ่อนน้อย",เลือกด้วยตนเอง,เลือกใช้ให้ตรงตามสภาพผิวและปัญหาผิวของตนเอง,เลือกใช้ให้ตรงตามสภาพผิวและปัญหาผิวของตนเอง,ใช้,"cleansing water, cleansing oil",Cleansing water,สูตรชุ่มชื้น (สำหรับผิวแห้ง),1.0,0.5,1.0,1.0,1.0,1.0,0.9999999999999999,0.9999999999999999,1.0,1.0,"เลือกเพราะโปรโมชั่น (promotion), มีไซส์เล็ก/ไซส์ทดลอง/ไซส์พกพา (mini size)","dermacerin, beauty blossom",beauty blossom,0,0,0,0,1,0,1,0,1,0,0,0,0,0,0,0,0,1,0,0,0,1,1,0,0,0,2,,0,1,2,combination,3
2022-09-02 16:09:26,0,23-28 ปี,พนักงานบริษัทเอกชน,"25,000 - 29,999 บาท",bangkok,ผิวแห้ง,"สิวอุดตัน, สิวผด, ผิวแพ้ง่าย, รูขุมขนกว้าง, ผิวแห้ง/ลอก/เป็นขุย, ผิวหมองคล้ำ",สิวเล็กน้อย (ส่วนใหญ่เป็นสิวอุดตัน เป็นสิวอักเสบ/หัวหนองไม่เกิน 10เม็ด),"เลือกด้วยตนเอง, เลือกตามบิวตี้บลอกเกอร์/ผู้ใช้จริงรีวิว ที่มีสภาพผิวคล้ายๆตัวเอง","เลือกใช้ให้ตรงตามสภาพผิวและปัญหาผิวของตนเอง, เลือกใช้สูตรที่เคลมว่าไม่ก่อให้เกิดสิว/ลดสิว, เลือกใช้สูตรที่เคลมว่าอ่อนโยน ผิวแพ้ง่ายใช้ได้","เลือกใช้ให้ตรงตามสภาพผิวและปัญหาผิวของตนเอง, เลือกใช้สูตรที่เคลมว่าไม่ก่อให้เกิดสิว/ลดสิว, เลือกใช้สูตรที่เคลมว่าอ่อนโยน ผิวแพ้ง่ายใช้ได้",ใช้,"cleansing water, cleansing balm",Cleansing balm,"สูตรลดสิว-ผิวแพ้ง่าย, สูตรชุ่มชื้น (สำหรับผิวแห้ง), สูตรเพื่อผิวกระจ่างใส",1.0,1.0,1.0,0.5,0.5,1.0,0.9999999999999999,0.9999999999999999,1.0,0.75,"เห็นจากโฆษณา (ads), เห็นคนใช้จริงรีวิว (online review, real users), บิวตี้บลอกเกอร์แนะนำ (beauty bloggers), ผู้เชี่ยวชาญ/หมอผิวหนังแนะนำ (skin expert/dermatologist)","florelle, lunira co.",florelle,0,1,0,1,1,1,1,0,0,1,1,1,1,0,0,0,1,1,0,0,1,1,0,1,0,0,5,1.0,1,0,2,dry,2
2022-09-02 16:09:52,0,23-28 ปี,พนักงานบริษัทเอกชน,"25,000 - 29,999 บาท",bangkok,ผิวผสม,"สิวผด, รูขุมขนกว้าง, ผิวหมองคล้ำ","นานๆทีเป็นสิว เช่น มีสิวเฉพาะช่วงมีประจำเดือน, พักผ่อนน้อย","เลือกด้วยตนเอง, เลือกตามบิวตี้บลอกเกอร์/ผู้ใช้จริงรีวิว ที่มีสภาพผิวคล้ายๆตัวเอง",เลือกใช้ให้ตรงตามสภาพผิวและปัญหาผิวของตนเอง,เลือกใช้ให้ตรงตามสภาพผิวและปัญหาผิวของตนเอง,ใช้,"cleansing water, cleansing oil",Cleansing water,สูตรคุมมัน (สำหรับผิวมัน),1.0,1.0,0.5,0.5,1.0,0.5,0.6666666666666666,0.9999999999999999,1.0,1.0,"เลือกเพราะโปรโมชั่น (promotion), สินค้าออกใหม่/สูตรใหม่ (new product/new formula)","veloura, kiyora, kireiha",kireiha,0,1,0,0,1,1,0,0,1,0,0,0,0,1,0,1,0,1,0,0,1,1,1,0,0,0,3,,1,1,2,combination,3
2022-09-02 16:21:19,0,23-28 ปี,พนักงานบริษัทเอกชน,"20,000 - 24,999 บาท",bangkok,ผิวผสม,"สิวอุดตัน, รูขุมขนกว้าง, ผิวหมองคล้ำ","นานๆทีเป็นสิว เช่น มีสิวเฉพาะช่วงมีประจำเดือน, พักผ่อนน้อย","เลือกด้วยตนเอง, เลือกตามเพื่อน, เลือกตามบิวตี้บลอกเกอร์/ผู้ใช้จริงรีวิว ที่มีสภาพผิวคล้ายๆตัวเอง","เลือกใช้สูตรที่เคลมว่าอ่อนโยน ผิวแพ้ง่ายใช้ได้, เลือกใช้สูตรที่ขายดี/สูตรดัง ของแบรนด์นั้นๆ","เลือกใช้สูตรที่เคลมว่าอ่อนโยน ผิวแพ้ง่ายใช้ได้, เลือกใช้สูตรที่ขายดี/สูตรดัง ของแบรนด์นั้นๆ",ใช้,"cleansing water, cleansing oil",Cleansing water,สูตรคุมมัน (สำหรับผิวมัน),1.0,1.0,1.0,1.0,0.5,1.0,0.6666666666666666,0.6666666666666666,1.0,1.0,"ราคาถูกกว่า (cheaper price), เลือกเพราะโปรโมชั่น (promotion)","florelle, kiyora, kireiha, eastern belle, dermavie",eastern belle,0,1,0,0,1,1,0,1,1,0,0,0,0,1,1,0,1,1,1,0,1,1,1,0,0,0,3,,2,2,2,combination,3
2022-09-02 17:09:47,0,23-28 ปี,นักศึกษา,"10,001 - 14,999 บาท",นนทบุรี,ผิวผสม,"สิวอุดตัน, สิวเสี้ยน","นานๆทีเป็นสิว เช่น มีสิวเฉพาะช่วงมีประจำเดือน, พักผ่อนน้อย","เลือกด้วยตนเอง, เลือกตามบิวตี้บลอกเกอร์/ผู้ใช้จริงรีวิว ที่มีสภาพผิวคล้ายๆตัวเอง",เลือกใช้ให้ตรงตามสภาพผิวและปัญหาผิวของตนเอง,"เลือกใช้ให้ตรงตามสภาพผิวและปัญหาผิวของตนเอง, เลือกใช้สูตรที่เคลมว่าอ่อนโยน ผิวแพ้ง่ายใช้ได้",ใช้,cleansing water,Cleansing water,สูตรสำหรับผิวธรรมดา (ไม่มีปัญหาผิว),1.0,0.75,1.0,1.0,1.0,1.0,0.9999999999999999,0.9999999999999999,1.0,0.5,"เห็นคนใช้จริงรีวิว (online review, real users)",glow in skin,glow in skin,0,1,0,0,0,0,0,0,0,0,1,0,0,0,0,0,0,1,0,0,1,1,0,0,0,0,1,,1,0,1,combination,3
2022-09-02 17:17:19,0,18-22 ปี,นักศึกษา,"ต่ำกว่า 10,000 บาท",ปทุมธานี,ผิวผสม,ผิวหมองคล้ำ,"นานๆทีเป็นสิว เช่น มีสิวเฉพาะช่วงมีประจำเดือน, พักผ่อนน้อย","เลือกด้วยตนเอง, ปรึกษาหมอผิวหนัง","เลือกใช้ให้ตรงตามสภาพผิวและปัญหาผิวของตนเอง, เลือกใช้สูตรที่เคลมว่าอ่อนโยน ผิวแพ้ง่ายใช้ได้","เลือกใช้ให้ตรงตามสภาพผิวและปัญหาผิวของตนเอง, เลือกใช้สูตรที่เคลมว่าอ่อนโยน ผิวแพ้ง่ายใช้ได้",ใช้,"cleansing water, cleansing sheet (ทิชชู่แผ่นเช็ดเครื่องสำอาง), cleansing oil",Cleansing sheet (ทิชชู่แผ่นเช็ดเครื่องสำอาง),สูตรสำหรับผิวธรรมดา (ไม่มีปัญหาผิว),1.0,0.75,1.0,0.0,1.0,1.0,0.9999999999999999,0.33333333333333337,1.0,0.5,"เห็นคนใช้จริงรีวิว (online review, real users), ผู้เชี่ยวชาญ/หมอผิวหนังแนะนำ (skin expert/dermatologist), ไม่เคยเปลี่ยนแบรนด์เลย (no switching)","klinor lab, luxeva",luxeva,0,0,0,0,0,1,0,0,0,1,1,0,0,0,0,0,0,1,0,1,0,1,1,0,1,0,1,,1,0,3,combination,3
2022-09-02 17:26:42,0,18-22 ปี,นักศึกษา,"ต่ำกว่า 10,000 บาท",bangkok,ไม่แน่ใจ/ไม่ทราบ,"สิวอักเสบ, สิวอุดตัน, สิวผด, ผิวแห้ง/ลอก/เป็นขุย, ผิวมันเยิ้ม, ผิวหมองคล้ำ",สิวเล็กน้อย (ส่วนใหญ่เป็นสิวอุดตัน เป็นสิวอักเสบ/หัวหนองไม่เกิน 10เม็ด),"เลือกด้วยตนเอง, เลือกตามเพื่อน, เลือกตามบิวตี้บลอกเกอร์/ผู้ใช้จริงรีวิว ที่มีสภาพผิวคล้ายๆตัวเอง","เลือกใช้ให้ตรงตามสภาพผิวและปัญหาผิวของตนเอง, เลือกใช้สูตรที่เคลมว่าอ่อนโยน ผิวแพ้ง่ายใช้ได้","เลือกใช้สูตรที่เคลมว่าอ่อนโยน ผิวแพ้ง่ายใช้ได้, เลือกใช้สูตรที่ขายดี/สูตรดัง ของแบรนด์นั้นๆ",ใช้,"cleansing water, cleansing oil",Cleansing water,สูตรลดสิว,1.0,1.0,1.0,1.0,1.0,1.0,0.9999999999999999,0.6666666666666666,1.0,1.0,"เลือกเพราะโปรโมชั่น (promotion), เพื่อนแนะนำ (friend recommended), เห็นคนใช้จริงรีวิว (online review, real users), ผู้เชี่ยวชาญ/หมอผิวหนังแนะนำ (skin expert/dermatologist), ยี่ห้อเดิมที่ใช้อยู่หมด/หาซื้อไม่ได้ (current brand is out of stock)","florelle, vul",florelle,0,1,1,0,0,1,1,0,1,1,1,0,0,0,0,0,1,1,1,0,1,1,1,0,0,0,4,1.0,2,1,2,unknown,0
2022-09-02 17:29:28,0,18-22 ปี,นักศึกษา,"10,001 - 14,999 บาท",bangkok,ไม่แน่ใจ/ไม่ทราบ,"สิวอักเสบ, สิวอุดตัน, สิวผด, ผิวมันเยิ้ม, ผิวหมองคล้ำ","นานๆทีเป็นสิว เช่น มีสิวเฉพาะช่วงมีประจำเดือน, พักผ่อนน้อย",เลือกด้วยตนเอง,"เลือกใช้สูตรที่เคลมว่าไม่ก่อให้เกิดสิว/ลดสิว, เลือกใช้สูตรที่เคลมว่าอ่อนโยน ผิวแพ้ง่ายใช้ได้","เลือกใช้สูตรที่เคลมว่าไม่ก่อให้เกิดสิว/ลดสิว, เลือกใช้สูตรที่เคลมว่าอ่อนโยน ผิวแพ้ง่ายใช้ได้",ใช้,cleansing oil,Cleansing oil,"สูตรชุ่มชื้น (สำหรับผิวแห้ง), สูตรสำหรับผิวธรรมดา (ไม่มีปัญหาผิว)",1.0,1.0,1.0,0.5,1.0,1.0,0.9999999999999999,0.9999999999999999,0.75,0.75,"ราคาถูกกว่า (cheaper price), เลือกเพราะโปรโมชั่น (promotion), เพื่อนแนะนำ (friend recommended), ผู้เชี่ยวชาญ/หมอผิวหนังแนะนำ (skin expert/dermatologist), มีไซส์เล็ก/ไซส์ทดลอง/ไซส์พกพา (mini size)","veloura, silk elexir",veloura,0,1,1,0,0,1,0,1,1,1,0,0,0,0,0,1,0,1,0,0,0,0,1,0,0,0,3,,0,2,1,unknown,0
2022-09-02 17:37:37,0,23-28 ปี,ลูกจ้าง,"15,000 - 19,999 บาท",สมุทรสาคร,ผิวผสม,"สิวอักเสบ, สิวอุดตัน, สิวผด, ผิวแพ้ง่าย, รูขุมขนกว้าง, ผิวแห้ง/ลอก/เป็นขุย, ผิวมันเยิ้ม",สิวปานกลาง (เป็นสิวอักเสบ/หัวหนองมากกว่า10เม็ด),ปรึกษาหมอผิวหนัง,"เลือกใช้สูตรที่เคลมว่าไม่ก่อให้เกิดสิว/ลดสิว, เลือกใช้สูตรที่เคลมว่าอ่อนโยน ผิวแพ้ง่ายใช้ได้",เลือกใช้สูตรที่เคลมว่าไม่ก่อให้เกิดสิว/ลดสิว,ใช้,"cleansing water, cleansing oil",Cleansing water,"สูตรลดสิว, สูตรผิวแพ้ง่าย",1.0,1.0,1.0,1.0,1.0,1.0,0.9999999999999999,0.9999999999999999,1.0,1.0,"ราคาถูกกว่า (cheaper price), เลือกเพราะโปรโมชั่น (promotion), ยี่ห้อเดิมที่ใช้อยู่หมด/หาซื้อไม่ได้ (current brand is out of stock)","veloura, florelle, kiyora, kireiha",kiyora,1,1,1,1,1,0,1,1,1,0,0,0,0,1,0,1,1,0,0,1,0,1,1,0,0,0,5,2.0,1,2,2,combination,3
2022-09-02 17:48:20,0,23-28 ปี,พนักงานบริษัทเอกชน,"15,000 - 19,999 บาท",นครปฐม,ไม่แน่ใจ/ไม่ทราบ,"สิวผด, ผิวแพ้ง่าย, ผิวแห้ง/ลอก/เป็นขุย","นานๆทีเป็นสิว เช่น มีสิวเฉพาะช่วงมีประจำเดือน, พักผ่อนน้อย","เลือกด้วยตนเอง, เลือกตามเพื่อน, เลือกตามบิวตี้บลอกเกอร์/ผู้ใช้จริงรีวิว ที่มีสภาพผิวคล้ายๆตัวเอง","เลือกใช้ให้ตรงตามสภาพผิวและปัญหาผิวของตนเอง, เลือกใช้สูตรที่เคลมว่าอ่อนโยน ผิวแพ้ง่ายใช้ได้","เลือกใช้ให้ตรงตามสภาพผิวและปัญหาผิวของตนเอง, เลือกใช้สูตรที่เคลมว่าอ่อนโยน ผิวแพ้ง่ายใช้ได้",ใช้,cleansing water,Cleansing water,"สูตรลดสิว-ผิวแพ้ง่าย, สูตรผิวแพ้ง่าย, สูตรเพื่อผิวกระจ่างใส",1.0,0.5,1.0,0.5,0.5,0.5,0.9999999999999999,0.9999999999999999,1.0,1.0,"ราคาถูกกว่า (cheaper price), เลือกเพราะโปรโมชั่น (promotion), เห็นจากโฆษณา (ads), เพื่อนแนะนำ (friend recommended), มีไซส์เล็ก/ไซส์ทดลอง/ไซส์พกพา (mini size)","florelle, kireiha",florelle,0,1,0,1,0,0,1,1,1,0,0,0,1,0,0,0,1,1,1,0,1,1,0,0,0,0,3,,2,2,1,unknown,0
2022-09-02 17:53:24,0,18-22 ปี,นักศึกษา,"10,001 - 14,999 บาท",นนทบุรี,ผิวธรรมดา,"สิวอักเสบ, สิวอุดตัน, สิวผด, ผิวแพ้ง่าย",สิวเล็กน้อย (ส่วนใหญ่เป็นสิวอุดตัน เป็นสิวอักเสบ/หัวหนองไม่เกิน 10เม็ด),"เลือกด้วยตนเอง, เลือกตามเพื่อน, เลือกตามบิวตี้บลอกเกอร์/ผู้ใช้จริงรีวิว ที่มีสภาพผิวคล้ายๆตัวเอง, เลือกตามดารา/พรีเซนเตอร์","เลือกใช้ให้ตรงตามสภาพผิวและปัญหาผิวของตนเอง, เลือกใช้สูตรที่เคลมว่าอ่อนโยน ผิวแพ้ง่ายใช้ได้","เลือกใช้ให้ตรงตามสภาพผิวและปัญหาผิวของตนเอง, เลือกใช้สูตรที่เคลมว่าอ่อนโยน ผิวแพ้ง่ายใช้ได้",ใช้,cleansing water,Cleansing water,สูตรผิวแพ้ง่าย,1.0,1.0,1.0,1.0,1.0,1.0,0.9999999999999999,0.9999999999999999,1.0,1.0,"ราคาถูกกว่า (cheaper price), เลือกเพราะโปรโมชั่น (promotion), มีไซส์เล็ก/ไซส์ทดลอง/ไซส์พกพา (mini size), ไม่เคยเปลี่ยนแบรนด์เลย (no switching)",florelle,florelle,0,1,0,1,0,0,0,1,1,0,0,0,0,0,0,0,1,1,1,0,1,1,0,0,0,0,2,1.0,2,2,1,normal,4
2022-09-02 17:53:40,0,18-22 ปี,นักศึกษา,"ต่ำกว่า 10,000 บาท",bangkok,ผิวผสม,"สิวอุดตัน, สิวผด, รูขุมขนกว้าง, ผิวแห้ง/ลอก/เป็นขุย, ผิวมันเยิ้ม","นานๆทีเป็นสิว เช่น มีสิวเฉพาะช่วงมีประจำเดือน, พักผ่อนน้อย","เลือกด้วยตนเอง, เลือกตามบิวตี้บลอกเกอร์/ผู้ใช้จริงรีวิว ที่มีสภาพผิวคล้ายๆตัวเอง","เลือกใช้ให้ตรงตามสภาพผิวและปัญหาผิวของตนเอง, เลือกใช้สูตรที่เคลมว่าอ่อนโยน ผิวแพ้ง่ายใช้ได้","เลือกใช้ให้ตรงตามสภาพผิวและปัญหาผิวของตนเอง, เลือกใช้สูตรที่ขายดี/สูตรดัง ของแบรนด์นั้นๆ",ใช้,"cleansing water, cleansing balm",Cleansing water,สูตรผิวแพ้ง่าย,1.0,0.75,1.0,1.0,1.0,1.0,0.9999999999999999,0.6666666666666666,1.0,1.0,"เห็นคนใช้จริงรีวิว (online review, real users), บิวตี้บลอกเกอร์แนะนำ (beauty bloggers), สินค้าออกใหม่/สูตรใหม่ (new product/new formula)","kiyora, needly",needly,0,1,1,0,1,0,1,0,0,0,1,1,0,1,0,0,0,1,0,0,1,1,0,1,0,0,4,,1,0,2,combination,3
2022-09-02 18:02:39,0,18-22 ปี,นักศึกษา,"ต่ำกว่า 10,000 บาท",bangkok,ผิวธรรมดา,"สิวผด, รูขุมขนกว้าง, ผิวแห้ง/ลอก/เป็นขุย","นานๆทีเป็นสิว เช่น มีสิวเฉพาะช่วงมีประจำเดือน, พักผ่อนน้อย",เลือกด้วยตนเอง,"เลือกใช้ให้ตรงตามสภาพผิวและปัญหาผิวของตนเอง, เลือกใช้สูตรที่ขายดี/สูตรดัง ของแบรนด์นั้นๆ","เลือกใช้ให้ตรงตามสภาพผิวและปัญหาผิวของตนเอง, เลือกใช้สูตรที่ขายดี/สูตรดัง ของแบรนด์นั้นๆ",ใช้,"cleansing water, cleansing oil",Cleansing water,สูตรสำหรับผิวธรรมดา (ไม่มีปัญหาผิว),0.0,0.25,0.5,1.0,1.0,1.0,0.6666666666666666,0.6666666666666666,1.0,1.0,"เลือกเพราะโปรโมชั่น (promotion), เพื่อนแนะนำ (friend recommended), ผู้เชี่ยวชาญ/หมอผิวหนังแนะนำ (skin expert/dermatologist)","florelle, oréline, silk elexir",kireiha,0,1,0,0,1,0,1,0,1,1,0,0,0,0,0,0,1,1,0,0,0,1,1,0,0,0,3,,0,1,2,normal,4
2022-09-02 18:19:53,0,18-22 ปี,นักศึกษา,"10,001 - 14,999 บาท",bangkok,ผิวมัน,"สิวอักเสบ, สิวอุดตัน, ผิวมันเยิ้ม","นานๆทีเป็นสิว เช่น มีสิวเฉพาะช่วงมีประจำเดือน, พักผ่อนน้อย",เลือกด้วยตนเอง,เลือกใช้ให้ตรงตามสภาพผิวและปัญหาผิวของตนเอง,เลือกใช้สูตรที่เคลมว่าอ่อนโยน ผิวแพ้ง่ายใช้ได้,ใช้,"cleansing water, cleansing sheet (ทิชชู่แผ่นเช็ดเครื่องสำอาง)",Cleansing water,สูตรลดสิว-ผิวแพ้ง่าย,1.0,1.0,1.0,0.5,0.5,0.5,0.6666666666666666,0.6666666666666666,1.0,0.75,"เลือกเพราะโปรโมชั่น (promotion), เพื่อนแนะนำ (friend recommended)","veloura, florelle",veloura,0,1,1,0,0,0,0,0,1,0,0,0,0,0,0,1,1,1,0,0,0,1,0,0,1,0,2,,0,1,2,oily,1
2022-09-02 20:52:10,0,18-22 ปี,นักศึกษา,"ต่ำกว่า 10,000 บาท",bangkok,ผิวแห้ง,"สิวอักเสบ, สิวอุดตัน, สิวผด, ผิวแพ้ง่าย",สิวเล็กน้อย (ส่วนใหญ่เป็นสิวอุดตัน เป็นสิวอักเสบ/หัวหนองไม่เกิน 10เม็ด),"เลือกด้วยตนเอง, เลือกตามบิวตี้บลอกเกอร์/ผู้ใช้จริงรีวิว ที่มีสภาพผิวคล้ายๆตัวเอง","เลือกใช้ให้ตรงตามสภาพผิวและปัญหาผิวของตนเอง, เลือกใช้สูตรที่เคลมว่าอ่อนโยน ผิวแพ้ง่ายใช้ได้, เลือกใช้สูตรที่ขายดี/สูตรดัง ของแบรนด์นั้นๆ","เลือกใช้ให้ตรงตามสภาพผิวและปัญหาผิวของตนเอง, เลือกใช้สูตรที่เคลมว่าอ่อนโยน ผิวแพ้ง่ายใช้ได้, เลือกใช้สูตรที่ขายดี/สูตรดัง ของแบรนด์นั้นๆ",ใช้,"cleansing water, cleansing oil",Cleansing water,"สูตรผิวแพ้ง่าย, สูตรชุ่มชื้น (สำหรับผิวแห้ง)",1.0,0.75,1.0,0.5,1.0,1.0,0.9999999999999999,0.6666666666666666,1.0,0.5,"ราคาถูกกว่า (cheaper price), บิวตี้บลอกเกอร์แนะนำ (beauty bloggers)","hikari, soowasulh",hikari,0,1,0,1,0,0,0,1,0,0,0,1,0,0,0,0,0,1,0,0,1,1,1,0,0,0,2,1.0,1,1,2,dry,2
2022-09-02 21:08:44,0,35 ปี ขึ้นไป,ข้าราชการ,"30,000 - 34,999 บาท",นครปฐม,ผิวมัน,"สิวอักเสบ, สิวอุดตัน, ผิวแพ้ง่าย, รูขุมขนกว้าง, ผิวมันเยิ้ม",สิวเล็กน้อย (ส่วนใหญ่เป็นสิวอุดตัน เป็นสิวอักเสบ/หัวหนองไม่เกิน 10เม็ด),"เลือกด้วยตนเอง, เลือกตามเพื่อน","เลือกใช้สูตรที่เคลมว่าไม่ก่อให้เกิดสิว/ลดสิว, เลือกใช้สูตรที่เคลมว่าอ่อนโยน ผิวแพ้ง่ายใช้ได้","เลือกใช้ให้ตรงตามสภาพผิวและปัญหาผิวของตนเอง, เลือกใช้สูตรที่เคลมว่าไม่ก่อให้เกิดสิว/ลดสิว, เลือกใช้สูตรที่เคลมว่าอ่อนโยน ผิวแพ้ง่ายใช้ได้",ใช้,cleansing water,Cleansing water,สูตรลดสิว-ผิวแพ้ง่าย,1.0,1.0,1.0,1.0,1.0,1.0,0.9999999999999999,0.9999999999999999,1.0,1.0,เลือกเพราะโปรโมชั่น (promotion),"veloura, kiyora, aomizu",kiyora,1,1,1,1,1,0,0,0,1,0,0,0,0,1,0,1,0,1,1,0,0,1,0,0,0,0,4,1.0,1,1,1,oily,1
2022-09-02 22:08:55,0,18-22 ปี,นักศึกษา,"ต่ำกว่า 10,000 บาท",ปทุมธานี,ผิวผสม,"สิวอุดตัน, รูขุมขนกว้าง, ผิวมันเยิ้ม","นานๆทีเป็นสิว เช่น มีสิวเฉพาะช่วงมีประจำเดือน, พักผ่อนน้อย",เลือกด้วยตนเอง,เลือกใช้ให้ตรงตามสภาพผิวและปัญหาผิวของตนเอง,"เลือกใช้ให้ตรงตามสภาพผิวและปัญหาผิวของตนเอง, เลือกใช้สูตรที่ขายดี/สูตรดัง ของแบรนด์นั้นๆ",ใช้,"cleansing water, cleansing oil",Cleansing water,สูตรคุมมัน (สำหรับผิวมัน),0.5,1.0,0.5,0.5,0.5,1.0,0.6666666666666666,0.9999999999999999,1.0,1.0,"ราคาถูกกว่า (cheaper price), เพื่อนแนะนำ (friend recommended), เห็นคนใช้จริงรีวิว (online review, real users)","florelle, bellevia, dermavie",dermavie,0,1,1,0,1,0,0,1,0,0,1,0,0,0,1,0,1,1,0,0,0,1,1,0,0,0,3,,0,1,2,combination,3
2022-09-02 22:24:54,0,18-22 ปี,นักศึกษา,"ต่ำกว่า 10,000 บาท",bangkok,ผิวมัน,"สิวอักเสบ, สิวอุดตัน, สิวผด, รูขุมขนกว้าง",สิวเล็กน้อย (ส่วนใหญ่เป็นสิวอุดตัน เป็นสิวอักเสบ/หัวหนองไม่เกิน 10เม็ด),"เลือกด้วยตนเอง, เลือกตามบิวตี้บลอกเกอร์/ผู้ใช้จริงรีวิว ที่มีสภาพผิวคล้ายๆตัวเอง","เลือกใช้ให้ตรงตามสภาพผิวและปัญหาผิวของตนเอง, เลือกใช้สูตรที่เคลมว่าไม่ก่อให้เกิดสิว/ลดสิว",เลือกใช้สูตรที่เคลมว่าไม่ก่อให้เกิดสิว/ลดสิว,ใช้,"cleansing water, cleansing sheet (ทิชชู่แผ่นเช็ดเครื่องสำอาง), cleansing balm",Cleansing water,"สูตรลดสิว-ผิวแพ้ง่าย, สูตรคุมมัน (สำหรับผิวมัน)",1.0,1.0,1.0,1.0,1.0,1.0,0.9999999999999999,0.9999999999999999,0.0,1.0,"ราคาถูกกว่า (cheaper price), เลือกเพราะโปรโมชั่น (promotion), เห็นคนใช้จริงรีวิว (online review, real users)","kiyora, kireiha, dermacerin",clinique,0,1,0,0,1,0,0,1,1,0,1,0,0,1,0,0,0,1,0,0,1,1,0,1,1,0,2,1.0,1,2,3,oily,1
2022-09-03 10:35:40,0,35 ปี ขึ้นไป,ข้าราชการ,"40,000 บาท ขึ้นไป",นครปฐม,ผิวผสม,"รูขุมขนกว้าง, ผิวมันเยิ้ม",สิวปานกลาง (เป็นสิวอักเสบ/หัวหนองมากกว่า10เม็ด),"เลือกด้วยตนเอง, เลือกตามดารา/พรีเซนเตอร์",เลือกใช้ให้ตรงตามสภาพผิวและปัญหาผิวของตนเอง,เลือกใช้ให้ตรงตามสภาพผิวและปัญหาผิวของตนเอง,ใช้,"cleansing water, cleansing sheet (ทิชชู่แผ่นเช็ดเครื่องสำอาง), cleansing oil",Cleansing sheet (ทิชชู่แผ่นเช็ดเครื่องสำอาง),สูตรคุมมัน (สำหรับผิวมัน),1.0,1.0,1.0,1.0,1.0,1.0,0.9999999999999999,0.9999999999999999,1.0,1.0,"เลือกเพราะโปรโมชั่น (promotion), เห็นจากโฆษณา (ads), เห็นคนใช้จริงรีวิว (online review, real users)","kiyora, aomizu, kireiha, dermavie",dermavie,0,0,1,0,1,0,0,0,1,0,1,0,1,1,1,0,0,1,0,0,0,1,1,0,1,0,2,2.0,0,1,3,combination,3
